"sample_id"	"name"	"description"	"path"	"path_2"	"ncbi_accession"	"ncbi_query"	"ncbi_query_max"	"sequence_type"	"report_group_ids"	"color_by"	"ploidy"	"enabled"	"ref_contextual_usage"	"ref_enabled"	"sra_2"	"Organism"	"Platform"	"ReleaseDate"	"Sample.Name"	"SRA.Study"	"Sample_Name"	"strain"	"geo_loc_name_country"	"geo_loc_name_country_continent"	"geographic_location_.country_and.or_sea."	"Serovar"	"specific_host"	"Collection_Date"	"host_health_state"	"isolation_source"	"ENA_first_public"	"ENA_last_update"	"external_id"	"Scientific_Name"	"Submitter_Id"	"SRA_accession"	"Title"	"ref_ids"
"ERR025675"	"ERR025675"	"ERR025675"	""	""	"ERR025675"	""	"10"	"illumina"	"_no_group_defined_"	"geo_loc_name_country"	"1"	"TRUE"	"optional"	"TRUE"	"SAMEA882249"	"Klebsiella pneumoniae"	"ILLUMINA"	"2011-03-18T00:00:00Z"	"SAMEA882249"	"ERP000165"	"ERS011786"	"08-0345m"	"Viet Nam"	"Asia"	"Viet Nam"	"08-0345m"	"Homo sapiens"	"2008"	"diseased"	"sterile"	""	""	""	""	""	"ERS011786"	"Klebsiella pneumoniae"	""
"ERR025112"	"ERR025112"	"ERR025112"	""	""	"ERR025112"	""	"10"	"illumina"	"_no_group_defined_"	"geo_loc_name_country"	"1"	"TRUE"	"optional"	"TRUE"	"SAMEA882261"	"Klebsiella pneumoniae"	"ILLUMINA"	"2011-03-18T00:00:00Z"	"SAMEA882261"	"ERP000165"	"DU46543_08-sc-2010-06-22-227656"	"DU46543/08"	"Singapore"	"Asia"	"Singapore"	"DU46543/08"	"Homo sapiens"	"2008"	"diseased"	"urine"	"2011-02-14T17:17:44Z"	"2018-03-09T09:52:29Z"	"SAMEA882261"	"Klebsiella pneumoniae"	"DU46543_08-sc-2010-06-22-227656"	""	""	""
"ERR025470"	"ERR025470"	"ERR025470"	""	""	"ERR025470"	""	"10"	"illumina"	"_no_group_defined_"	"geo_loc_name_country"	"1"	"TRUE"	"optional"	"TRUE"	"SAMEA882209"	"Klebsiella pneumoniae"	"ILLUMINA"	"2011-03-18T00:00:00Z"	"SAMEA882209"	"ERP000165"	"07_2034m-sc-2010-06-22-227532"	"07-2034m"	"Viet Nam"	"Asia"	"Viet Nam"	"07-2034m"	"Homo sapiens"	"2007"	"diseased"	"sterile"	"2011-02-14T17:17:43Z"	"2018-03-09T09:52:28Z"	"SAMEA882209"	"Klebsiella pneumoniae"	"07_2034m-sc-2010-06-22-227532"	""	""	""
"ERR025478"	"ERR025478"	"ERR025478"	""	""	"ERR025478"	""	"10"	"illumina"	"_no_group_defined_"	"geo_loc_name_country"	"1"	"TRUE"	"optional"	"TRUE"	"SAMEA882242"	"Klebsiella pneumoniae"	"ILLUMINA"	"2011-03-18T00:00:00Z"	"SAMEA882242"	"ERP000165"	"ERS011817"	"K77An"	"Viet Nam"	"Asia"	"Viet Nam"	"K77An"	"Homo sapiens"	"2004"	"healthy"	"intestinal"	""	""	""	""	""	"ERS011817"	"Klebsiella pneumoniae"	""
"ERR025998"	"ERR025998"	"ERR025998"	""	""	"ERR025998"	""	"10"	"illumina"	"_no_group_defined_"	"geo_loc_name_country"	"1"	"TRUE"	"optional"	"TRUE"	"SAMEA882145"	"Klebsiella pneumoniae"	"ILLUMINA"	"2011-03-18T00:00:00Z"	"SAMEA882145"	"ERP000165"	"2024_0-sc-2010-06-22-227784"	"2024"	"Indonesia"	"Asia"	"Indonesia"	"2024"	"Homo sapiens"	"2005"	"diseased"	"sterile"	"2011-02-14T17:17:45Z"	"2018-03-09T09:52:30Z"	"SAMEA882145"	"Klebsiella pneumoniae"	"2024_0-sc-2010-06-22-227784"	""	""	""
"ERR025562"	"ERR025562"	"ERR025562"	""	""	"ERR025562"	""	"10"	"illumina"	"_no_group_defined_"	"geo_loc_name_country"	"1"	"TRUE"	"optional"	"TRUE"	"SAMEA882119"	"Klebsiella pneumoniae"	"ILLUMINA"	"2011-03-18T00:00:00Z"	"SAMEA882119"	"ERP000165"	"K231An-sc-2010-06-22-227558"	"QMP B2-211"	"USA"	"North America"	"USA"	"QMP B2-211"	"Bovine"	"2006"	"diseased"	"sterile"	"2011-02-14T17:17:43Z"	"2018-03-09T09:52:29Z"	"SAMEA882119"	"Klebsiella pneumoniae"	"K231An-sc-2010-06-22-227558"	""	""	""
"ERR025118"	"ERR025118"	"ERR025118"	""	""	"ERR025118"	""	"10"	"illumina"	"_no_group_defined_"	"geo_loc_name_country"	"1"	"TRUE"	"optional"	"TRUE"	"SAMEA882238"	"Klebsiella pneumoniae"	"ILLUMINA"	"2011-03-18T00:00:00Z"	"SAMEA882238"	"ERP000165"	"DB270_04-sc-2010-06-22-227651"	"DB270/04"	"Singapore"	"Asia"	"Singapore"	"DB270/04"	"Homo sapiens"	"2004"	"diseased"	"sterile"	"2011-02-14T17:17:44Z"	"2018-03-09T09:52:29Z"	"SAMEA882238"	"Klebsiella pneumoniae"	"DB270_04-sc-2010-06-22-227651"	""	""	""
"ERR025472"	"ERR025472"	"ERR025472"	""	""	"ERR025472"	""	"10"	"illumina"	"_no_group_defined_"	"geo_loc_name_country"	"1"	"TRUE"	"optional"	"TRUE"	"SAMEA882195"	"Klebsiella pneumoniae"	"ILLUMINA"	"2011-03-18T00:00:00Z"	"SAMEA882195"	"ERP000165"	"08_475T-sc-2010-06-22-227534"	"08-475T"	"Viet Nam"	"Asia"	"Viet Nam"	"08-475T"	"Homo sapiens"	"2009"	"diseased"	"sterile"	"2011-02-14T17:17:43Z"	"2018-03-09T09:52:29Z"	"SAMEA882195"	"Klebsiella pneumoniae"	"08_475T-sc-2010-06-22-227534"	""	""	""
"ERR025119"	"ERR025119"	"ERR025119"	""	""	"ERR025119"	""	"10"	"illumina"	"_no_group_defined_"	"geo_loc_name_country"	"1"	"TRUE"	"optional"	"TRUE"	"SAMEA882235"	"Klebsiella pneumoniae"	"ILLUMINA"	"2011-03-18T00:00:00Z"	"SAMEA882235"	"ERP000165"	"ERS011919"	"DU8882/04"	"Singapore"	"Asia"	"Singapore"	"DU8882/04"	"Homo sapiens"	"2004"	"diseased"	"urine"	""	""	""	""	""	"ERS011919"	"Klebsiella pneumoniae"	""
"ERR025602"	"ERR025602"	"ERR025602"	""	""	"ERR025602"	""	"10"	"illumina"	"_no_group_defined_"	"geo_loc_name_country"	"1"	"TRUE"	"optional"	"TRUE"	"SAMEA882130"	"Klebsiella pneumoniae"	"ILLUMINA"	"2011-03-18T00:00:00Z"	"SAMEA882130"	"ERP000165"	"ERS011981"	"QMP M1-964"	"USA"	"North America"	"USA"	"QMP M1-964"	"Homo sapiens"	"2007"	"diseased"	"intestinal biopsy"	""	""	""	""	""	"ERS011981"	"Klebsiella pneumoniae"	""
"ERR025544"	"ERR025544"	"ERR025544"	""	""	"ERR025544"	""	"10"	"illumina"	"_no_group_defined_"	"geo_loc_name_country"	"1"	"TRUE"	"optional"	"TRUE"	"SAMEA882110"	"Klebsiella pneumoniae"	"ILLUMINA"	"2011-03-18T00:00:00Z"	"SAMEA882110"	"ERP000165"	"ERS011903"	"DB44834/96"	"Singapore"	"Asia"	"Singapore"	"DB44834/96"	"Homo sapiens"	"1996"	"diseased"	"sterile"	""	""	""	""	""	"ERS011903"	"Klebsiella pneumoniae"	""
"ERR024823"	"ERR024823"	"ERR024823"	""	""	"ERR024823"	""	"10"	"illumina"	"_no_group_defined_"	"geo_loc_name_country"	"1"	"TRUE"	"optional"	"TRUE"	"SAMEA882279"	"Klebsiella pneumoniae"	"ILLUMINA"	"2011-03-18T00:00:00Z"	"SAMEA882279"	"ERP000165"	"AJ054-sc-2010-05-07-30746"	"AJ054"	"Australia"	"Oceania"	"Australia"	"AJ054"	"Homo sapiens"	"2001"	"diseased"	"urine"	"2010-03-08T08:57:11Z"	"2018-03-09T09:52:03Z"	"SAMEA882279"	"Klebsiella pneumoniae"	"AJ054-sc-2010-05-07-30746"	""	""	""
"ERR025117"	"ERR025117"	"ERR025117"	""	""	"ERR025117"	""	"10"	"illumina"	"_no_group_defined_"	"geo_loc_name_country"	"1"	"TRUE"	"optional"	"TRUE"	"SAMEA882098"	"Klebsiella pneumoniae"	"ILLUMINA"	"2011-03-18T00:00:00Z"	"SAMEA882098"	"ERP000165"	"DM11825_05-sc-2010-06-22-227650"	"DM11825/05"	"Singapore"	"Asia"	"Singapore"	"DM11825/05"	"Homo sapiens"	"2005"	"diseased"	"liver"	"2011-02-14T17:17:44Z"	"2018-03-09T09:52:29Z"	"SAMEA882098"	"Klebsiella pneumoniae"	"DM11825_05-sc-2010-06-22-227650"	""	""	""
"ERR025996"	"ERR025996"	"ERR025996"	""	""	"ERR025996"	""	"10"	"illumina"	"_no_group_defined_"	"geo_loc_name_country"	"1"	"TRUE"	"optional"	"TRUE"	"SAMEA882296"	"Klebsiella pneumoniae"	"ILLUMINA"	"2011-03-18T00:00:00Z"	"SAMEA882296"	"ERP000165"	"ERS012049"	"1897"	"Indonesia"	"Asia"	"Indonesia"	"1897"	"Homo sapiens"	"2005"	"diseased"	"sterile"	""	""	""	""	""	"ERS012049"	"Klebsiella pneumoniae"	""
"ERR025564"	"ERR025564"	"ERR025564"	""	""	"ERR025564"	""	"10"	"illumina"	"_no_group_defined_"	"geo_loc_name_country"	"1"	"TRUE"	"optional"	"TRUE"	"SAMEA882122"	"Klebsiella pneumoniae"	"ILLUMINA"	"2011-03-18T00:00:00Z"	"SAMEA882122"	"ERP000165"	"K242An-sc-2010-06-22-227559"	"K242An"	"Viet Nam"	"Asia"	"Viet Nam"	"K242An"	"Homo sapiens"	"2005"	"healthy"	"intestinal"	"2011-02-14T17:17:43Z"	"2018-03-09T09:52:28Z"	"SAMEA882122"	"Klebsiella pneumoniae"	"K242An-sc-2010-06-22-227559"	""	""	""
"ERR025673"	"ERR025673"	"ERR025673"	""	""	"ERR025673"	""	"10"	"illumina"	"_no_group_defined_"	"geo_loc_name_country"	"1"	"TRUE"	"optional"	"TRUE"	"SAMEA882247"	"Klebsiella pneumoniae"	"ILLUMINA"	"2011-03-18T00:00:00Z"	"SAMEA882247"	"ERP000165"	"71M-sc-2010-06-22-227517"	"08-049B"	"Viet Nam"	"Asia"	"Viet Nam"	"08-049B"	"Homo sapiens"	"2008"	"diseased"	"respiratory"	"2011-02-14T17:17:43Z"	"2018-03-09T09:52:28Z"	"SAMEA882247"	"Klebsiella pneumoniae"	"71M-sc-2010-06-22-227517"	""	""	""
"ERR025599"	"ERR025599"	"ERR025599"	""	""	"ERR025599"	""	"10"	"illumina"	"_no_group_defined_"	"geo_loc_name_country"	"1"	"TRUE"	"optional"	"TRUE"	"SAMEA881990"	"Klebsiella pneumoniae"	"ILLUMINA"	"2011-03-18T00:00:00Z"	"SAMEA881990"	"ERP000165"	"ERS011978"	"QMP M1-895"	"USA"	"North America"	"USA"	"QMP M1-895"	"Homo sapiens"	"2007"	"diseased"	"urine"	""	""	""	""	""	"ERS011978"	"Klebsiella pneumoniae"	""
"ERR025512"	"ERR025512"	"ERR025512"	""	""	"ERR025512"	""	"10"	"illumina"	"_no_group_defined_"	"geo_loc_name_country"	"1"	"TRUE"	"optional"	"TRUE"	"SAMEA882081"	"Klebsiella pneumoniae"	"ILLUMINA"	"2011-03-18T00:00:00Z"	"SAMEA882081"	"ERP000165"	"EW_20_R_MAC_1-sc-2010-06-22-227583"	"EW-20-R-MAC-1"	"Viet Nam"	"Asia"	"Viet Nam"	"EW-20-R-MAC-1"	"Homo sapiens"	"2006"	"healthy"	"intestinal"	"2011-02-14T17:17:43Z"	"2018-03-09T09:52:28Z"	"SAMEA882081"	"Klebsiella pneumoniae"	"EW_20_R_MAC_1-sc-2010-06-22-227583"	""	""	""
"ERR025660"	"ERR025660"	"ERR025660"	""	""	"ERR025660"	""	"10"	"illumina"	"_no_group_defined_"	"geo_loc_name_country"	"1"	"TRUE"	"optional"	"TRUE"	"SAMEA882295"	"Klebsiella pneumoniae"	"ILLUMINA"	"2011-03-18T00:00:00Z"	"SAMEA882295"	"ERP000165"	"ERS012045"	"1789"	"Indonesia"	"Asia"	"Indonesia"	"1789"	"Homo sapiens"	"2005"	"diseased"	"sterile"	""	""	""	""	""	"ERS012045"	"Klebsiella pneumoniae"	""
"ERR025548"	"ERR025548"	"ERR025548"	""	""	"ERR025548"	""	"10"	"illumina"	"_no_group_defined_"	"geo_loc_name_country"	"1"	"TRUE"	"optional"	"TRUE"	"SAMEA882114"	"Klebsiella pneumoniae"	"ILLUMINA"	"2011-03-18T00:00:00Z"	"SAMEA882114"	"ERP000165"	"DU10252_04-sc-2010-06-22-227640"	"DU10252/04"	"Singapore"	"Asia"	"Singapore"	"DU10252/04"	"Homo sapiens"	"2004"	"diseased"	"urine"	"2011-02-14T17:17:44Z"	"2018-03-09T09:52:29Z"	"SAMEA882114"	"Klebsiella pneumoniae"	"DU10252_04-sc-2010-06-22-227640"	""	""	""
"ERR025601"	"ERR025601"	"ERR025601"	""	""	"ERR025601"	""	"10"	"illumina"	"_no_group_defined_"	"geo_loc_name_country"	"1"	"TRUE"	"optional"	"TRUE"	"SAMEA882129"	"Klebsiella pneumoniae"	"ILLUMINA"	"2011-03-18T00:00:00Z"	"SAMEA882129"	"ERP000165"	"QMP_M1_963-sc-2010-06-22-227713"	"QMP M1-963"	"USA"	"North America"	"USA"	"QMP M1-963"	"Homo sapiens"	"2007"	"healthy"	"intestinal biopsy"	"2011-02-14T17:17:45Z"	"2018-03-09T09:52:30Z"	"SAMEA882129"	"Klebsiella pneumoniae"	"QMP_M1_963-sc-2010-06-22-227713"	""	""	""
"ERR025469"	"ERR025469"	"ERR025469"	""	""	"ERR025469"	""	"10"	"illumina"	"_no_group_defined_"	"geo_loc_name_country"	"1"	"TRUE"	"optional"	"TRUE"	"SAMEA882210"	"Klebsiella pneumoniae"	"ILLUMINA"	"2011-03-18T00:00:00Z"	"SAMEA882210"	"ERP000165"	"09_0079m-sc-2010-06-22-227531"	"09-0079m"	"Viet Nam"	"Asia"	"Viet Nam"	"09-0079m"	"Homo sapiens"	"2009"	"diseased"	"sterile"	"2011-02-14T17:17:43Z"	"2018-03-09T09:52:29Z"	"SAMEA882210"	"Klebsiella pneumoniae"	"09_0079m-sc-2010-06-22-227531"	""	""	""
"ERR025523"	"ERR025523"	"ERR025523"	""	""	"ERR025523"	""	"10"	"illumina"	"_no_group_defined_"	"geo_loc_name_country"	"1"	"TRUE"	"optional"	"TRUE"	"SAMEA882287"	"Klebsiella pneumoniae"	"ILLUMINA"	"2011-03-18T00:00:00Z"	"SAMEA882287"	"ERP000165"	"ERS011860"	"QMP B2-228"	"USA"	"North America"	"USA"	"QMP B2-228"	"Bovine"	"2006"	"diseased"	"sterile"	""	""	""	""	""	"ERS011860"	"Klebsiella pneumoniae"	""
"ERR025980"	"ERR025980"	"ERR025980"	""	""	"ERR025980"	""	"10"	"illumina"	"_no_group_defined_"	"geo_loc_name_country"	"1"	"TRUE"	"optional"	"TRUE"	"SAMEA881982"	"Klebsiella pneumoniae"	"ILLUMINA"	"2011-03-18T00:00:00Z"	"SAMEA881982"	"ERP000165"	"ERS011971"	"QMP M1-886"	"USA"	"North America"	"USA"	"QMP M1-886"	"Homo sapiens"	"2007"	"diseased"	"urine"	""	""	""	""	""	"ERS011971"	"Klebsiella pneumoniae"	""
"ERR025465"	"ERR025465"	"ERR025465"	""	""	"ERR025465"	""	"10"	"illumina"	"_no_group_defined_"	"geo_loc_name_country"	"1"	"TRUE"	"optional"	"TRUE"	"SAMEA882199"	"Klebsiella pneumoniae"	"ILLUMINA"	"2011-03-18T00:00:00Z"	"SAMEA882199"	"ERP000165"	"ERS011805"	"UV937"	"Viet Nam"	"Asia"	"Viet Nam"	"UV937"	"Homo sapiens"	"2003"	"diseased"	"respiratory"	""	""	""	""	""	"ERS011805"	"Klebsiella pneumoniae"	""
"ERR025462"	"ERR025462"	"ERR025462"	""	""	"ERR025462"	""	"10"	"illumina"	"_no_group_defined_"	"geo_loc_name_country"	"1"	"TRUE"	"optional"	"TRUE"	"SAMEA882097"	"Klebsiella pneumoniae"	"ILLUMINA"	"2011-03-18T00:00:00Z"	"SAMEA882097"	"ERP000165"	"59M-sc-2010-06-22-227527"	"59M"	"Viet Nam"	"Asia"	"Viet Nam"	"59M"	"Homo sapiens"	"2008"	"diseased"	"liver"	"2011-02-14T17:17:43Z"	"2018-03-09T09:52:28Z"	"SAMEA882097"	"Klebsiella pneumoniae"	"59M-sc-2010-06-22-227527"	""	""	""
"ERR025614"	"ERR025614"	"ERR025614"	""	""	"ERR025614"	""	"10"	"illumina"	"_no_group_defined_"	"geo_loc_name_country"	"1"	"TRUE"	"optional"	"TRUE"	"SAMEA882092"	"Klebsiella pneumoniae"	"ILLUMINA"	"2011-03-18T00:00:00Z"	"SAMEA882092"	"ERP000165"	"ERS011992"	"QMP M1-414"	"USA"	"North America"	"USA"	"QMP M1-414"	"Environmental"	"2005"	""	"environment"	""	""	""	""	""	"ERS011992"	"Klebsiella pneumoniae"	""
"ERR025579"	"ERR025579"	"ERR025579"	""	""	"ERR025579"	""	"10"	"illumina"	"_no_group_defined_"	"geo_loc_name_country"	"1"	"TRUE"	"optional"	"TRUE"	"SAMEA882223"	"Klebsiella pneumoniae"	"ILLUMINA"	"2011-03-18T00:00:00Z"	"SAMEA882223"	"ERP000165"	"ERS011890"	"UI 6167"	"Laos"	"Asia"	"Laos"	"UI 6167"	"Homo sapiens"	"2005"	"diseased"	"sterile"	""	""	""	""	""	"ERS011890"	"Klebsiella pneumoniae"	""
"ERR025132"	"ERR025132"	"ERR025132"	""	""	"ERR025132"	""	"10"	"illumina"	"_no_group_defined_"	"geo_loc_name_country"	"1"	"TRUE"	"optional"	"TRUE"	"SAMEA882143"	"Klebsiella pneumoniae"	"ILLUMINA"	"2011-03-18T00:00:00Z"	"SAMEA882143"	"ERP000165"	"QMP_M1_031-sc-2010-06-22-227664"	"QMP M1-031"	"USA"	"North America"	"USA"	"QMP M1-031"	"Bovine"	"2005"	"healthy"	"intestinal"	"2011-02-14T17:17:44Z"	"2018-03-09T09:52:29Z"	"SAMEA882143"	"Klebsiella pneumoniae"	"QMP_M1_031-sc-2010-06-22-227664"	""	""	""
"ERR025099"	"ERR025099"	"ERR025099"	""	""	"ERR025099"	""	"10"	"illumina"	"_no_group_defined_"	"geo_loc_name_country"	"1"	"TRUE"	"optional"	"TRUE"	"SAMEA882169"	"Klebsiella pneumoniae"	"ILLUMINA"	"2011-03-18T00:00:00Z"	"SAMEA882169"	"ERP000165"	"ERS005786"	"AJ281"	"Australia"	"Oceania"	"Australia"	"AJ281"	"Homo sapiens"	"2002"	"diseased"	"sterile"	""	""	""	""	""	"ERS005786"	"Klebsiella pneumoniae"	""
"ERR025989"	"ERR025989"	"ERR025989"	""	""	"ERR025989"	""	"10"	"illumina"	"_no_group_defined_"	"geo_loc_name_country"	"1"	"TRUE"	"optional"	"TRUE"	"SAMEA882029"	"Klebsiella pneumoniae"	"ILLUMINA"	"2011-03-18T00:00:00Z"	"SAMEA882029"	"ERP000165"	"QMP_M1_884-sc-2010-06-22-227702"	"QMP M1-884"	"USA"	"North America"	"USA"	"QMP M1-884"	"Homo sapiens"	"2007"	"diseased"	"urine"	"2011-02-14T17:17:44Z"	"2018-03-09T09:52:29Z"	"SAMEA882029"	"Klebsiella pneumoniae"	"QMP_M1_884-sc-2010-06-22-227702"	""	""	""
"ERR025534"	"ERR025534"	"ERR025534"	""	""	"ERR025534"	""	"10"	"illumina"	"_no_group_defined_"	"geo_loc_name_country"	"1"	"TRUE"	"optional"	"TRUE"	"SAMEA882254"	"Klebsiella pneumoniae"	"ILLUMINA"	"2011-03-18T00:00:00Z"	"SAMEA882254"	"ERP000165"	"ERS011882"	"UI 522"	"Laos"	"Asia"	"Laos"	"UI 522"	"Homo sapiens"	"2000"	"diseased"	"sterile"	""	""	""	""	""	"ERS011882"	"Klebsiella pneumoniae"	""
"ERR025121"	"ERR025121"	"ERR025121"	""	""	"ERR025121"	""	"10"	"illumina"	"_no_group_defined_"	"geo_loc_name_country"	"1"	"TRUE"	"optional"	"TRUE"	"SAMEA882183"	"Klebsiella pneumoniae"	"ILLUMINA"	"2011-03-18T00:00:00Z"	"SAMEA882183"	"ERP000165"	"ERS011921"	"DX259/08"	"Singapore"	"Asia"	"Singapore"	"DX259/08"	"Homo sapiens"	"2008"	"diseased"	"sterile"	""	""	""	""	""	"ERS011921"	"Klebsiella pneumoniae"	""
"ERR025483"	"ERR025483"	"ERR025483"	""	""	"ERR025483"	""	"10"	"illumina"	"_no_group_defined_"	"geo_loc_name_country"	"1"	"TRUE"	"optional"	"TRUE"	"SAMEA882244"	"Klebsiella pneumoniae"	"ILLUMINA"	"2011-03-18T00:00:00Z"	"SAMEA882244"	"ERP000165"	"UV1714-sc-2010-06-22-227544"	"UV1714"	"Viet Nam"	"Asia"	"Viet Nam"	"UV1714"	"Homo sapiens"	"2007"	"diseased"	"respiratory"	"2011-02-14T17:17:43Z"	"2018-03-09T09:52:28Z"	"SAMEA882244"	"Klebsiella pneumoniae"	"UV1714-sc-2010-06-22-227544"	""	""	""
"ERR025666"	"ERR025666"	"ERR025666"	""	""	"ERR025666"	""	"10"	"illumina"	"_no_group_defined_"	"geo_loc_name_country"	"1"	"TRUE"	"optional"	"TRUE"	"SAMEA882257"	"Klebsiella pneumoniae"	"ILLUMINA"	"2011-03-18T00:00:00Z"	"SAMEA882257"	"ERP000165"	"QMP_Z4_712-sc-2010-06-22-227773"	"QMP Z4-712"	"USA"	"North America"	"USA"	"QMP Z4-712"	"Bovine"	"2006"	"diseased"	"sterile"	"2011-02-14T17:17:45Z"	"2018-03-09T09:52:30Z"	"SAMEA882257"	"Klebsiella pneumoniae"	"QMP_Z4_712-sc-2010-06-22-227773"	""	""	""
"ERR025595"	"ERR025595"	"ERR025595"	""	""	"ERR025595"	""	"10"	"illumina"	"_no_group_defined_"	"geo_loc_name_country"	"1"	"TRUE"	"optional"	"TRUE"	"SAMEA882134"	"Klebsiella pneumoniae"	"ILLUMINA"	"2011-03-18T00:00:00Z"	"SAMEA882134"	"ERP000165"	"QMP_M1_970-sc-2010-06-22-227718"	"QMP M1-970"	"USA"	"North America"	"USA"	"QMP M1-970"	"Homo sapiens"	"2007"	"diseased"	"intestinal biopsy"	"2011-02-14T17:17:44Z"	"2018-03-09T09:52:29Z"	"SAMEA882134"	"Klebsiella pneumoniae"	"QMP_M1_970-sc-2010-06-22-227718"	""	""	""
"ERR025979"	"ERR025979"	"ERR025979"	""	""	"ERR025979"	""	"10"	"illumina"	"_no_group_defined_"	"geo_loc_name_country"	"1"	"TRUE"	"optional"	"TRUE"	"SAMEA882025"	"Klebsiella pneumoniae"	"ILLUMINA"	"2011-03-18T00:00:00Z"	"SAMEA882025"	"ERP000165"	"QMP_M1_781-sc-2010-06-22-227695"	"QMP M1-781"	"USA"	"North America"	"USA"	"QMP M1-781"	"Bovine"	"2006"	"diseased"	"sterile"	"2011-02-14T17:17:45Z"	"2018-03-09T09:52:30Z"	"SAMEA882025"	"Klebsiella pneumoniae"	"QMP_M1_781-sc-2010-06-22-227695"	""	""	""
"ERR025679"	"ERR025679"	"ERR025679"	""	""	"ERR025679"	""	"10"	"illumina"	"_no_group_defined_"	"geo_loc_name_country"	"1"	"TRUE"	"optional"	"TRUE"	"SAMEA882204"	"Klebsiella pneumoniae"	"ILLUMINA"	"2011-03-18T00:00:00Z"	"SAMEA882204"	"ERP000165"	"09_286G-sc-2010-06-22-227523"	"71B"	"Viet Nam"	"Asia"	"Viet Nam"	"71B"	"Homo sapiens"	"2007"	"diseased"	"respiratory"	"2011-02-14T17:17:43Z"	"2018-03-09T09:52:28Z"	"SAMEA882204"	"Klebsiella pneumoniae"	"09_286G-sc-2010-06-22-227523"	""	""	""
"ERR025109"	"ERR025109"	"ERR025109"	""	""	"ERR025109"	""	"10"	"illumina"	"_no_group_defined_"	"geo_loc_name_country"	"1"	"TRUE"	"optional"	"TRUE"	"SAMEA882166"	"Klebsiella pneumoniae"	"ILLUMINA"	"2011-03-18T00:00:00Z"	"SAMEA882166"	"ERP000165"	"AJ278-sc-2010-05-07-30787"	"AJ278"	"Australia"	"Oceania"	"Australia"	"AJ278"	"Homo sapiens"	"2002"	"diseased"	"urine"	"2010-03-08T08:58:27Z"	"2018-03-09T09:52:18Z"	"SAMEA882166"	"Klebsiella pneumoniae"	"AJ278-sc-2010-05-07-30787"	""	""	""
"ERR025589"	"ERR025589"	"ERR025589"	""	""	"ERR025589"	""	"10"	"illumina"	"_no_group_defined_"	"geo_loc_name_country"	"1"	"TRUE"	"optional"	"TRUE"	"SAMEA882222"	"Klebsiella pneumoniae"	"ILLUMINA"	"2011-03-18T00:00:00Z"	"SAMEA882222"	"ERP000165"	"ERS011897"	"ST 752"	"Laos"	"Asia"	"Laos"	"ST 752"	"Homo sapiens"	"2008"	"diseased"	"sterile"	""	""	""	""	""	"ERS011897"	"Klebsiella pneumoniae"	""
"ERR025540"	"ERR025540"	"ERR025540"	""	""	"ERR025540"	""	"10"	"illumina"	"_no_group_defined_"	"geo_loc_name_country"	"1"	"TRUE"	"optional"	"TRUE"	"SAMEA882109"	"Klebsiella pneumoniae"	"ILLUMINA"	"2011-03-18T00:00:00Z"	"SAMEA882109"	"ERP000165"	"DM23092_04-sc-2010-06-22-227635"	"DM23092/04"	"Singapore"	"Asia"	"Singapore"	"DM23092/04"	"Homo sapiens"	"2004"	"diseased"	""	"2011-02-14T17:17:44Z"	"2018-03-09T09:52:29Z"	"SAMEA882109"	"Klebsiella pneumoniae"	"DM23092_04-sc-2010-06-22-227635"	""	""	""
"ERR025609"	"ERR025609"	"ERR025609"	""	""	"ERR025609"	""	"10"	"illumina"	"_no_group_defined_"	"geo_loc_name_country"	"1"	"TRUE"	"optional"	"TRUE"	"SAMEA882132"	"Klebsiella pneumoniae"	"ILLUMINA"	"2011-03-18T00:00:00Z"	"SAMEA882132"	"ERP000165"	"ERS011987"	"QMP M1-974"	"USA"	"North America"	"USA"	"QMP M1-974"	"Homo sapiens"	"2007"	"healthy"	"intestinal biopsy"	""	""	""	""	""	"ERS011987"	"Klebsiella pneumoniae"	""
"ERR025999"	"ERR025999"	"ERR025999"	""	""	"ERR025999"	""	"10"	"illumina"	"_no_group_defined_"	"geo_loc_name_country"	"1"	"TRUE"	"optional"	"TRUE"	"SAMEA882148"	"Klebsiella pneumoniae"	"ILLUMINA"	"2011-03-18T00:00:00Z"	"SAMEA882148"	"ERP000165"	"ERS012052"	"QMP Z4-716"	"USA"	"North America"	"USA"	"QMP Z4-716"	"Bovine"	"2006"	"diseased"	"sterile"	""	""	""	""	""	"ERS012052"	"Klebsiella pneumoniae"	""
"ERR024851"	"ERR024851"	"ERR024851"	""	""	"ERR024851"	""	"10"	"illumina"	"_no_group_defined_"	"geo_loc_name_country"	"1"	"TRUE"	"optional"	"TRUE"	"SAMEA882202"	"Klebsiella pneumoniae"	"ILLUMINA"	"2011-03-18T00:00:00Z"	"SAMEA882202"	"ERP000165"	"AJ158-sc-2010-05-07-30772"	"AJ158"	"Australia"	"Oceania"	"Australia"	"AJ158"	"Homo sapiens"	"2002"	"diseased"	"urine"	"2010-03-08T08:57:59Z"	"2018-03-09T09:52:01Z"	"SAMEA882202"	"Klebsiella pneumoniae"	"AJ158-sc-2010-05-07-30772"	""	""	""
"ERR024844"	"ERR024844"	"ERR024844"	""	""	"ERR024844"	""	"10"	"illumina"	"_no_group_defined_"	"geo_loc_name_country"	"1"	"TRUE"	"optional"	"TRUE"	"SAMEA882074"	"Klebsiella pneumoniae"	"ILLUMINA"	"2011-03-18T00:00:00Z"	"SAMEA882074"	"ERP000165"	"AJ196-sc-2010-05-07-30776"	"AJ196"	"Australia"	"Oceania"	"Australia"	"AJ196"	"Homo sapiens"	"2002"	"diseased"	"respiratory"	"2010-03-08T08:58:07Z"	"2018-03-09T09:52:02Z"	"SAMEA882074"	"Klebsiella pneumoniae"	"AJ196-sc-2010-05-07-30776"	""	""	""
"ERR025489"	"ERR025489"	"ERR025489"	""	""	"ERR025489"	""	"10"	"illumina"	"_no_group_defined_"	"geo_loc_name_country"	"1"	"TRUE"	"optional"	"TRUE"	"SAMEA882164"	"Klebsiella pneumoniae"	"ILLUMINA"	"2011-03-18T00:00:00Z"	"SAMEA882164"	"ERP000165"	"B_013_I_a_2-sc-2010-06-22-227572"	"B-013-I-a-2"	"Viet Nam"	"Asia"	"Viet Nam"	"B-013-I-a-2"	"Homo sapiens"	"2005"	"healthy"	"intestinal"	"2011-02-14T17:17:44Z"	"2018-03-09T09:52:29Z"	"SAMEA882164"	"Klebsiella pneumoniae"	"B_013_I_a_2-sc-2010-06-22-227572"	""	""	""
"ERR025160"	"ERR025160"	"ERR025160"	""	""	"ERR025160"	""	"10"	"illumina"	"_no_group_defined_"	"geo_loc_name_country"	"1"	"TRUE"	"optional"	"TRUE"	"SAMEA882229"	"Klebsiella pneumoniae"	"ILLUMINA"	"2011-03-18T00:00:00Z"	"SAMEA882229"	"ERP000165"	"QMP_M1_761-sc-2010-06-22-227690"	"QMP M1-378"	"USA"	"North America"	"USA"	"QMP M1-378"	"Bovine"	"2005"	"healthy"	"intestinal"	"2011-02-14T17:17:44Z"	"2018-03-09T09:52:29Z"	"SAMEA882229"	"Klebsiella pneumoniae"	"QMP_M1_761-sc-2010-06-22-227690"	""	""	""
"ERR025651"	"ERR025651"	"ERR025651"	""	""	"ERR025651"	""	"10"	"illumina"	"_no_group_defined_"	"geo_loc_name_country"	"1"	"TRUE"	"optional"	"TRUE"	"SAMEA882103"	"Klebsiella pneumoniae"	"ILLUMINA"	"2011-03-18T00:00:00Z"	"SAMEA882103"	"ERP000165"	"311G-sc-2010-06-22-227759"	"311G"	"Viet Nam"	"Asia"	"Viet Nam"	"311G"	"Homo sapiens"	"2008"	"diseased"	"urine"	"2011-02-14T17:17:44Z"	"2018-03-09T09:52:30Z"	"SAMEA882103"	"Klebsiella pneumoniae"	"311G-sc-2010-06-22-227759"	""	""	""
"ERR025992"	"ERR025992"	"ERR025992"	""	""	"ERR025992"	""	"10"	"illumina"	"_no_group_defined_"	"geo_loc_name_country"	"1"	"TRUE"	"optional"	"TRUE"	"SAMEA882239"	"Klebsiella pneumoniae"	"ILLUMINA"	"2011-03-18T00:00:00Z"	"SAMEA882239"	"ERP000165"	"ERS012046"	"1824"	"Indonesia"	"Asia"	"Indonesia"	"1824"	"Homo sapiens"	"2005"	"diseased"	"sterile"	""	""	""	""	""	"ERS012046"	"Klebsiella pneumoniae"	""
"ERR024835"	"ERR024835"	"ERR024835"	""	""	"ERR024835"	""	"10"	"illumina"	"_no_group_defined_"	"geo_loc_name_country"	"1"	"TRUE"	"optional"	"TRUE"	"SAMEA882003"	"Klebsiella pneumoniae"	"ILLUMINA"	"2011-03-18T00:00:00Z"	"SAMEA882003"	"ERP000165"	"AJ146-sc-2010-05-07-30757"	"AJ146"	"Australia"	"Oceania"	"Australia"	"AJ146"	"Homo sapiens"	"2002"	"diseased"	"respiratory"	"2010-03-08T08:57:34Z"	"2018-03-09T09:52:03Z"	"SAMEA882003"	"Klebsiella pneumoniae"	"AJ146-sc-2010-05-07-30757"	""	""	""
"ERR024840"	"ERR024840"	"ERR024840"	""	""	"ERR024840"	""	"10"	"illumina"	"_no_group_defined_"	"geo_loc_name_country"	"1"	"TRUE"	"optional"	"TRUE"	"SAMEA882046"	"Klebsiella pneumoniae"	"ILLUMINA"	"2011-03-18T00:00:00Z"	"SAMEA882046"	"ERP000165"	"AJ083-sc-2010-05-07-30762"	"AJ083"	"Australia"	"Oceania"	"Australia"	"AJ083"	"Homo sapiens"	"2002"	"diseased"	"urine"	"2010-03-08T08:57:40Z"	"2018-03-09T09:52:01Z"	"SAMEA882046"	"Klebsiella pneumoniae"	"AJ083-sc-2010-05-07-30762"	""	""	""
"ERR024824"	"ERR024824"	"ERR024824"	""	""	"ERR024824"	""	"10"	"illumina"	"_no_group_defined_"	"geo_loc_name_country"	"1"	"TRUE"	"optional"	"TRUE"	"SAMEA882278"	"Klebsiella pneumoniae"	"ILLUMINA"	"2011-03-18T00:00:00Z"	"SAMEA882278"	"ERP000165"	"AJ006-sc-2010-05-07-30747"	"AJ006"	"Australia"	"Oceania"	"Australia"	"AJ006"	"Homo sapiens"	"2001"	"diseased"	"sterile"	"2010-03-08T08:57:13Z"	"2018-03-09T09:52:02Z"	"SAMEA882278"	"Klebsiella pneumoniae"	"AJ006-sc-2010-05-07-30747"	""	""	""
"ERR025677"	"ERR025677"	"ERR025677"	""	""	"ERR025677"	""	"10"	"illumina"	"_no_group_defined_"	"geo_loc_name_country"	"1"	"TRUE"	"optional"	"TRUE"	"SAMEA882252"	"Klebsiella pneumoniae"	"ILLUMINA"	"2011-03-18T00:00:00Z"	"SAMEA882252"	"ERP000165"	"QMP_B2_090-sc-2010-06-22-227521"	"08-0116m"	"Viet Nam"	"Asia"	"Viet Nam"	"08-0116m"	"Homo sapiens"	"2008"	"diseased"	"sterile"	"2011-02-14T17:17:43Z"	"2018-03-09T09:52:28Z"	"SAMEA882252"	"Klebsiella pneumoniae"	"QMP_B2_090-sc-2010-06-22-227521"	""	""	""
"ERR025644"	"ERR025644"	"ERR025644"	""	""	"ERR025644"	""	"10"	"illumina"	"_no_group_defined_"	"geo_loc_name_country"	"1"	"TRUE"	"optional"	"TRUE"	"SAMEA882107"	"Klebsiella pneumoniae"	"ILLUMINA"	"2011-03-18T00:00:00Z"	"SAMEA882107"	"ERP000165"	"09_2801m-sc-2010-06-22-227755"	"09-2801m"	"Viet Nam"	"Asia"	"Viet Nam"	"09-2801m"	"Homo sapiens"	"2009"	"diseased"	"sterile"	"2011-02-14T17:17:45Z"	"2018-03-09T09:52:30Z"	"SAMEA882107"	"Klebsiella pneumoniae"	"09_2801m-sc-2010-06-22-227755"	""	""	""
"ERR025515"	"ERR025515"	"ERR025515"	""	""	"ERR025515"	""	"10"	"illumina"	"_no_group_defined_"	"geo_loc_name_country"	"1"	"TRUE"	"optional"	"TRUE"	"SAMEA882288"	"Klebsiella pneumoniae"	"ILLUMINA"	"2011-03-18T00:00:00Z"	"SAMEA882288"	"ERP000165"	"Kp_Miami-sc-2010-06-22-227596"	"Kp-Miami"	"USA"	"North America"	"USA"	"Kp-Miami"	"Homo sapiens"	"2008"	"diseased"	"liver"	"2011-02-14T17:17:44Z"	"2018-03-09T09:52:29Z"	"SAMEA882288"	"Klebsiella pneumoniae"	"Kp_Miami-sc-2010-06-22-227596"	""	""	""
"ERR024839"	"ERR024839"	"ERR024839"	""	""	"ERR024839"	""	"10"	"illumina"	"_no_group_defined_"	"geo_loc_name_country"	"1"	"TRUE"	"optional"	"TRUE"	"SAMEA881994"	"Klebsiella pneumoniae"	"ILLUMINA"	"2011-03-18T00:00:00Z"	"SAMEA881994"	"ERP000165"	"AJ082-sc-2010-05-07-30761"	"AJ082"	"Australia"	"Oceania"	"Australia"	"AJ082"	"Homo sapiens"	"2002"	"diseased"	"urine"	"2010-03-08T08:57:40Z"	"2018-03-09T09:52:01Z"	"SAMEA881994"	"Klebsiella pneumoniae"	"AJ082-sc-2010-05-07-30761"	""	""	""
"ERR025542"	"ERR025542"	"ERR025542"	""	""	"ERR025542"	""	"10"	"illumina"	"_no_group_defined_"	"geo_loc_name_country"	"1"	"TRUE"	"optional"	"TRUE"	"SAMEA882212"	"Klebsiella pneumoniae"	"ILLUMINA"	"2011-03-18T00:00:00Z"	"SAMEA882212"	"ERP000165"	"ERS011912"	"DM1159/01"	"Singapore"	"Asia"	"Singapore"	"DM1159/01"	"Homo sapiens"	"2001"	"diseased"	""	""	""	""	""	""	"ERS011912"	"Klebsiella pneumoniae"	""
"ERR025501"	"ERR025501"	"ERR025501"	""	""	"ERR025501"	""	"10"	"illumina"	"_no_group_defined_"	"geo_loc_name_country"	"1"	"TRUE"	"optional"	"TRUE"	"SAMEA882069"	"Klebsiella pneumoniae"	"ILLUMINA"	"2011-03-18T00:00:00Z"	"SAMEA882069"	"ERP000165"	"ERS011842"	"D-026-I-b-1"	"Viet Nam"	"Asia"	"Viet Nam"	"D-026-I-b-1"	"Homo sapiens"	"2005"	"healthy"	"intestinal"	""	""	""	""	""	"ERS011842"	"Klebsiella pneumoniae"	""
"ERR025504"	"ERR025504"	"ERR025504"	""	""	"ERR025504"	""	"10"	"illumina"	"_no_group_defined_"	"geo_loc_name_country"	"1"	"TRUE"	"optional"	"TRUE"	"SAMEA882084"	"Klebsiella pneumoniae"	"ILLUMINA"	"2011-03-18T00:00:00Z"	"SAMEA882084"	"ERP000165"	"ERS011853"	"EW-44-R-MAG-1"	"Viet Nam"	"Asia"	"Viet Nam"	"EW-44-R-MAG-1"	"Homo sapiens"	"2006"	"healthy"	"intestinal"	""	""	""	""	""	"ERS011853"	"Klebsiella pneumoniae"	""
"ERR024819"	"ERR024819"	"ERR024819"	""	""	"ERR024819"	""	"10"	"illumina"	"_no_group_defined_"	"geo_loc_name_country"	"1"	"TRUE"	"optional"	"TRUE"	"SAMEA882002"	"Klebsiella pneumoniae"	"ILLUMINA"	"2011-03-18T00:00:00Z"	"SAMEA882002"	"ERP000165"	"ERS005751"	"AJ034"	"Australia"	"Oceania"	"Australia"	"AJ034"	"Homo sapiens"	"2001"	"diseased"	"urine"	""	""	""	""	""	"ERS005751"	"Klebsiella pneumoniae"	""
"ERR025105"	"ERR025105"	"ERR025105"	""	""	"ERR025105"	""	"10"	"illumina"	"_no_group_defined_"	"geo_loc_name_country"	"1"	"TRUE"	"optional"	"TRUE"	"SAMEA882170"	"Klebsiella pneumoniae"	"ILLUMINA"	"2011-03-18T00:00:00Z"	"SAMEA882170"	"ERP000165"	"ERS005781"	"AJ218"	"Australia"	"Oceania"	"Australia"	"AJ218"	"Homo sapiens"	"2002"	"diseased"	"urine"	""	""	""	""	""	"ERS005781"	"Klebsiella pneumoniae"	""
"ERR024837"	"ERR024837"	"ERR024837"	""	""	"ERR024837"	""	"10"	"illumina"	"_no_group_defined_"	"geo_loc_name_country"	"1"	"TRUE"	"optional"	"TRUE"	"SAMEA882004"	"Klebsiella pneumoniae"	"ILLUMINA"	"2011-03-18T00:00:00Z"	"SAMEA882004"	"ERP000165"	"AJ056-sc-2010-05-07-30759"	"AJ056"	"Australia"	"Oceania"	"Australia"	"AJ056"	"Homo sapiens"	"2001"	"diseased"	"respiratory"	"2010-03-08T08:57:36Z"	"2018-03-09T09:52:02Z"	"SAMEA882004"	"Klebsiella pneumoniae"	"AJ056-sc-2010-05-07-30759"	""	""	""
"ERR025502"	"ERR025502"	"ERR025502"	""	""	"ERR025502"	""	"10"	"illumina"	"_no_group_defined_"	"geo_loc_name_country"	"1"	"TRUE"	"optional"	"TRUE"	"SAMEA882082"	"Klebsiella pneumoniae"	"ILLUMINA"	"2011-03-18T00:00:00Z"	"SAMEA882082"	"ERP000165"	"ERS011851"	"EW-29-R-MAG"	"Viet Nam"	"Asia"	"Viet Nam"	"EW-29-R-MAG"	"Homo sapiens"	"2006"	"healthy"	"intestinal"	""	""	""	""	""	"ERS011851"	"Klebsiella pneumoniae"	""
"ERR025655"	"ERR025655"	"ERR025655"	""	""	"ERR025655"	""	"10"	"illumina"	"_no_group_defined_"	"geo_loc_name_country"	"1"	"TRUE"	"optional"	"TRUE"	"SAMEA882065"	"Klebsiella pneumoniae"	"ILLUMINA"	"2011-03-18T00:00:00Z"	"SAMEA882065"	"ERP000165"	"ERS012030"	"558m"	"Viet Nam"	"Asia"	"Viet Nam"	"558m"	"Homo sapiens"	"2009"	"diseased"	"sterile"	""	""	""	""	""	"ERS012030"	"Klebsiella pneumoniae"	""
"ERR025141"	"ERR025141"	"ERR025141"	""	""	"ERR025141"	""	"10"	"illumina"	"_no_group_defined_"	"geo_loc_name_country"	"1"	"TRUE"	"optional"	"TRUE"	"SAMEA882151"	"Klebsiella pneumoniae"	"ILLUMINA"	"2011-03-18T00:00:00Z"	"SAMEA882151"	"ERP000165"	"ERS011939"	"QMP M1-559"	"USA"	"North America"	"USA"	"QMP M1-559"	"Bovine"	"2005"	"diseased"	"sterile"	""	""	""	""	""	"ERS011939"	"Klebsiella pneumoniae"	""
"ERR025988"	"ERR025988"	"ERR025988"	""	""	"ERR025988"	""	"10"	"illumina"	"_no_group_defined_"	"geo_loc_name_country"	"1"	"TRUE"	"optional"	"TRUE"	"SAMEA882028"	"Klebsiella pneumoniae"	"ILLUMINA"	"2011-03-18T00:00:00Z"	"SAMEA882028"	"ERP000165"	"QMP_M1_882-sc-2010-06-22-227701"	"QMP M1-882"	"USA"	"North America"	"USA"	"QMP M1-882"	"Homo sapiens"	"2007"	"diseased"	"urine"	"2011-02-14T17:17:45Z"	"2018-03-09T09:52:30Z"	"SAMEA882028"	"Klebsiella pneumoniae"	"QMP_M1_882-sc-2010-06-22-227701"	""	""	""
"ERR026001"	"ERR026001"	"ERR026001"	""	""	"ERR026001"	""	"10"	"illumina"	"_no_group_defined_"	"geo_loc_name_country"	"1"	"TRUE"	"optional"	"TRUE"	"SAMEA882150"	"Klebsiella pneumoniae"	"ILLUMINA"	"2011-03-18T00:00:00Z"	"SAMEA882150"	"ERP000165"	"1522_0-sc-2010-06-22-227787"	"1522"	"Indonesia"	"Asia"	"Indonesia"	"1522"	"Homo sapiens"	"2005"	"diseased"	"sterile"	"2011-02-14T17:17:45Z"	"2018-03-09T09:52:30Z"	"SAMEA882150"	"Klebsiella pneumoniae"	"1522_0-sc-2010-06-22-227787"	""	""	""
"ERR025664"	"ERR025664"	"ERR025664"	""	""	"ERR025664"	""	"10"	"illumina"	"_no_group_defined_"	"geo_loc_name_country"	"1"	"TRUE"	"optional"	"TRUE"	"SAMEA882060"	"Klebsiella pneumoniae"	"ILLUMINA"	"2011-03-18T00:00:00Z"	"SAMEA882060"	"ERP000165"	"1585_0-sc-2010-06-22-227771"	"1585"	"Indonesia"	"Asia"	"Indonesia"	"1585"	"Homo sapiens"	"2005"	"diseased"	"sterile"	"2011-02-14T17:17:45Z"	"2018-03-09T09:52:30Z"	"SAMEA882060"	"Klebsiella pneumoniae"	"1585_0-sc-2010-06-22-227771"	""	""	""
"ERR025157"	"ERR025157"	"ERR025157"	""	""	"ERR025157"	""	"10"	"illumina"	"_no_group_defined_"	"geo_loc_name_country"	"1"	"TRUE"	"optional"	"TRUE"	"SAMEA882228"	"Klebsiella pneumoniae"	"ILLUMINA"	"2011-03-18T00:00:00Z"	"SAMEA882228"	"ERP000165"	"ERS011954"	"QMP M1-222"	"USA"	"North America"	"USA"	"QMP M1-222"	"Bovine"	"2005"	"diseased"	"sterile"	""	""	""	""	""	"ERS011954"	"Klebsiella pneumoniae"	""
"ERR024847"	"ERR024847"	"ERR024847"	""	""	"ERR024847"	""	"10"	"illumina"	"_no_group_defined_"	"geo_loc_name_country"	"1"	"TRUE"	"optional"	"TRUE"	"SAMEA882040"	"Klebsiella pneumoniae"	"ILLUMINA"	"2011-03-18T00:00:00Z"	"SAMEA882040"	"ERP000165"	"AJ210-sc-2010-05-07-30768"	"AJ210"	"Australia"	"Oceania"	"Australia"	"AJ210"	"Homo sapiens"	"2002"	"diseased"	"sterile"	"2010-03-08T08:57:52Z"	"2018-03-09T09:52:01Z"	"SAMEA882040"	"Klebsiella pneumoniae"	"AJ210-sc-2010-05-07-30768"	""	""	""
"ERR025522"	"ERR025522"	"ERR025522"	""	""	"ERR025522"	""	"10"	"illumina"	"_no_group_defined_"	"geo_loc_name_country"	"1"	"TRUE"	"optional"	"TRUE"	"SAMEA882298"	"Klebsiella pneumoniae"	"ILLUMINA"	"2011-03-18T00:00:00Z"	"SAMEA882298"	"ERP000165"	"ERS011859"	"MM50237"	"USA"	"North America"	"USA"	"MM50237"	"Monkey"	"2008"	"healthy"	"respiratory"	""	""	""	""	""	"ERS011859"	"Klebsiella pneumoniae"	""
"ERR025985"	"ERR025985"	"ERR025985"	""	""	"ERR025985"	""	"10"	"illumina"	"_no_group_defined_"	"geo_loc_name_country"	"1"	"TRUE"	"optional"	"TRUE"	"SAMEA882020"	"Klebsiella pneumoniae"	"ILLUMINA"	"2011-03-18T00:00:00Z"	"SAMEA882020"	"ERP000165"	"ERS011965"	"QMP M1-826"	"USA"	"North America"	"USA"	"QMP M1-826"	"Bovine"	"2006"	"diseased"	"sterile"	""	""	""	""	""	"ERS011965"	"Klebsiella pneumoniae"	""
"ERR025561"	"ERR025561"	"ERR025561"	""	""	"ERR025561"	""	"10"	"illumina"	"_no_group_defined_"	"geo_loc_name_country"	"1"	"TRUE"	"optional"	"TRUE"	"SAMEA882125"	"Klebsiella pneumoniae"	"ILLUMINA"	"2011-03-18T00:00:00Z"	"SAMEA882125"	"ERP000165"	"ERS011823"	"K228An"	"Viet Nam"	"Asia"	"Viet Nam"	"K228An"	"Homo sapiens"	"2005"	"healthy"	"intestinal"	""	""	""	""	""	"ERS011823"	"Klebsiella pneumoniae"	""
"ERR024818"	"ERR024818"	"ERR024818"	""	""	"ERR024818"	""	"10"	"illumina"	"_no_group_defined_"	"geo_loc_name_country"	"1"	"TRUE"	"optional"	"TRUE"	"SAMEA882001"	"Klebsiella pneumoniae"	"ILLUMINA"	"2011-03-18T00:00:00Z"	"SAMEA882001"	"ERP000165"	"AJ033-sc-2010-05-07-30752"	"AJ033"	"Australia"	"Oceania"	"Australia"	"AJ033"	"Homo sapiens"	"2001"	"diseased"	"respiratory"	"2010-03-08T08:57:22Z"	"2018-03-09T09:52:18Z"	"SAMEA882001"	"Klebsiella pneumoniae"	"AJ033-sc-2010-05-07-30752"	""	""	""
"ERR024831"	"ERR024831"	"ERR024831"	""	""	"ERR024831"	""	"10"	"illumina"	"_no_group_defined_"	"geo_loc_name_country"	"1"	"TRUE"	"optional"	"TRUE"	"SAMEA882044"	"Klebsiella pneumoniae"	"ILLUMINA"	"2011-03-18T00:00:00Z"	"SAMEA882044"	"ERP000165"	"AJ094-sc-2010-05-07-30764"	"AJ094"	"Australia"	"Oceania"	"Australia"	"AJ094"	"Homo sapiens"	"2002"	"diseased"	"respiratory"	"2010-03-08T08:57:44Z"	"2018-03-09T09:52:01Z"	"SAMEA882044"	"Klebsiella pneumoniae"	"AJ094-sc-2010-05-07-30764"	""	""	""
"ERR025581"	"ERR025581"	"ERR025581"	""	""	"ERR025581"	""	"10"	"illumina"	"_no_group_defined_"	"geo_loc_name_country"	"1"	"TRUE"	"optional"	"TRUE"	"SAMEA882111"	"Klebsiella pneumoniae"	"ILLUMINA"	"2011-03-18T00:00:00Z"	"SAMEA882111"	"ERP000165"	"UI_14245-sc-2010-06-22-227633"	"UI 14245"	"Laos"	"Asia"	"Laos"	"UI 14245"	"Homo sapiens"	""	"diseased"	"sterile"	"2011-02-14T17:17:44Z"	"2018-03-09T09:52:29Z"	"SAMEA882111"	"Klebsiella pneumoniae"	"UI_14245-sc-2010-06-22-227633"	""	""	""
"ERR025140"	"ERR025140"	"ERR025140"	""	""	"ERR025140"	""	"10"	"illumina"	"_no_group_defined_"	"geo_loc_name_country"	"1"	"TRUE"	"optional"	"TRUE"	"SAMEA882263"	"Klebsiella pneumoniae"	"ILLUMINA"	"2011-03-18T00:00:00Z"	"SAMEA882263"	"ERP000165"	"QMP_M1_428-sc-2010-06-22-227682"	"QMP M1-771"	"USA"	"North America"	"USA"	"QMP M1-771"	"Homo sapiens"	"2006"	"diseased"	"sterile"	"2011-02-14T17:17:44Z"	"2018-03-09T09:52:29Z"	"SAMEA882263"	"Klebsiella pneumoniae"	"QMP_M1_428-sc-2010-06-22-227682"	""	""	""
"ERR025607"	"ERR025607"	"ERR025607"	""	""	"ERR025607"	""	"10"	"illumina"	"_no_group_defined_"	"geo_loc_name_country"	"1"	"TRUE"	"optional"	"TRUE"	"SAMEA882162"	"Klebsiella pneumoniae"	"ILLUMINA"	"2011-03-18T00:00:00Z"	"SAMEA882162"	"ERP000165"	"QMP_M1_407-sc-2010-06-22-227729"	"QMP M1-407"	"USA"	"North America"	"USA"	"QMP M1-407"	"Environmental"	"2005"	""	"environment"	"2011-02-14T17:17:44Z"	"2018-03-09T09:52:29Z"	"SAMEA882162"	"Klebsiella pneumoniae"	"QMP_M1_407-sc-2010-06-22-227729"	""	""	""
"ERR025646"	"ERR025646"	"ERR025646"	""	""	"ERR025646"	""	"10"	"illumina"	"_no_group_defined_"	"geo_loc_name_country"	"1"	"TRUE"	"optional"	"TRUE"	"SAMEA882063"	"Klebsiella pneumoniae"	"ILLUMINA"	"2011-03-18T00:00:00Z"	"SAMEA882063"	"ERP000165"	"ERS012032"	"1517"	"Indonesia"	"Asia"	"Indonesia"	"1517"	"Homo sapiens"	"2005"	"diseased"	"sterile"	""	""	""	""	""	"ERS012032"	"Klebsiella pneumoniae"	""
"ERR025525"	"ERR025525"	"ERR025525"	""	""	"ERR025525"	""	"10"	"illumina"	"_no_group_defined_"	"geo_loc_name_country"	"1"	"TRUE"	"optional"	"TRUE"	"SAMEA882289"	"Klebsiella pneumoniae"	"ILLUMINA"	"2011-03-18T00:00:00Z"	"SAMEA882289"	"ERP000165"	"ERS011862"	"7085"	"USA"	"North America"	"USA"	"7085"	"Monkey"	"2009"	"healthy"	"intestinal"	""	""	""	""	""	"ERS011862"	"Klebsiella pneumoniae"	""
"ERR025570"	"ERR025570"	"ERR025570"	""	""	"ERR025570"	""	"10"	"illumina"	"_no_group_defined_"	"geo_loc_name_country"	"1"	"TRUE"	"optional"	"TRUE"	"SAMEA882292"	"Klebsiella pneumoniae"	"ILLUMINA"	"2011-03-18T00:00:00Z"	"SAMEA882292"	"ERP000165"	"Pus_4878-sc-2010-06-22-227600"	"Pus 4878"	"Laos"	"Asia"	"Laos"	"Pus 4878"	"Homo sapiens"	"2007"	"diseased"	"respiratory"	"2011-02-14T17:17:43Z"	"2018-03-09T09:52:29Z"	"SAMEA882292"	"Klebsiella pneumoniae"	"Pus_4878-sc-2010-06-22-227600"	""	""	""
"ERR025652"	"ERR025652"	"ERR025652"	""	""	"ERR025652"	""	"10"	"illumina"	"_no_group_defined_"	"geo_loc_name_country"	"1"	"TRUE"	"optional"	"TRUE"	"SAMEA882104"	"Klebsiella pneumoniae"	"ILLUMINA"	"2011-03-18T00:00:00Z"	"SAMEA882104"	"ERP000165"	"ERS012027"	"620m"	"Viet Nam"	"Asia"	"Viet Nam"	"620m"	"Homo sapiens"	"2009"	"diseased"	"sterile"	""	""	""	""	""	"ERS012027"	"Klebsiella pneumoniae"	""
"ERR025654"	"ERR025654"	"ERR025654"	""	""	"ERR025654"	""	"10"	"illumina"	"_no_group_defined_"	"geo_loc_name_country"	"1"	"TRUE"	"optional"	"TRUE"	"SAMEA882100"	"Klebsiella pneumoniae"	"ILLUMINA"	"2011-03-18T00:00:00Z"	"SAMEA882100"	"ERP000165"	"2358m-sc-2010-06-22-227762"	"2358m"	"Viet Nam"	"Asia"	"Viet Nam"	"2358m"	"Homo sapiens"	"2008"	"diseased"	"sterile"	"2011-02-14T17:17:44Z"	"2018-03-09T09:52:30Z"	"SAMEA882100"	"Klebsiella pneumoniae"	"2358m-sc-2010-06-22-227762"	""	""	""
"ERR025608"	"ERR025608"	"ERR025608"	""	""	"ERR025608"	""	"10"	"illumina"	"_no_group_defined_"	"geo_loc_name_country"	"1"	"TRUE"	"optional"	"TRUE"	"SAMEA882095"	"Klebsiella pneumoniae"	"ILLUMINA"	"2011-03-18T00:00:00Z"	"SAMEA882095"	"ERP000165"	"ERS011997"	"QMP M1-418"	"USA"	"North America"	"USA"	"QMP M1-418"	"Environmental"	"2005"	""	"environment"	""	""	""	""	""	"ERS011997"	"Klebsiella pneumoniae"	""
"ERR025557"	"ERR025557"	"ERR025557"	""	""	"ERR025557"	""	"10"	"illumina"	"_no_group_defined_"	"geo_loc_name_country"	"1"	"TRUE"	"optional"	"TRUE"	"SAMEA882237"	"Klebsiella pneumoniae"	"ILLUMINA"	"2011-03-18T00:00:00Z"	"SAMEA882237"	"ERP000165"	"K102An-sc-2010-06-22-227552"	"K102An"	"Viet Nam"	"Asia"	"Viet Nam"	"K102An"	"Homo sapiens"	"2004"	"healthy"	"intestinal"	"2011-02-14T17:17:43Z"	"2018-03-09T09:52:29Z"	"SAMEA882237"	"Klebsiella pneumoniae"	"K102An-sc-2010-06-22-227552"	""	""	""
"ERR025621"	"ERR025621"	"ERR025621"	""	""	"ERR025621"	""	"10"	"illumina"	"_no_group_defined_"	"geo_loc_name_country"	"1"	"TRUE"	"optional"	"TRUE"	"SAMEA882018"	"Klebsiella pneumoniae"	"ILLUMINA"	"2011-03-18T00:00:00Z"	"SAMEA882018"	"ERP000165"	"QMP_Z4_724-sc-2010-06-22-227742"	"QMP Z4-724"	"USA"	"North America"	"USA"	"QMP Z4-724"	"Bovine"	"2006"	"diseased"	"sterile"	"2011-02-14T17:17:44Z"	"2018-03-09T09:52:29Z"	"SAMEA882018"	"Klebsiella pneumoniae"	"QMP_Z4_724-sc-2010-06-22-227742"	""	""	""
"ERR025521"	"ERR025521"	"ERR025521"	""	""	"ERR025521"	""	"10"	"illumina"	"_no_group_defined_"	"geo_loc_name_country"	"1"	"TRUE"	"optional"	"TRUE"	"SAMEA882089"	"Klebsiella pneumoniae"	"ILLUMINA"	"2011-03-18T00:00:00Z"	"SAMEA882089"	"ERP000165"	"KpV513-sc-2010-06-22-227591"	"KpV513"	"USA"	"North America"	"USA"	"KpV513"	"Monkey"	"2006"	"diseased"	""	"2011-02-14T17:17:43Z"	"2018-03-09T09:52:29Z"	"SAMEA882089"	"Klebsiella pneumoniae"	"KpV513-sc-2010-06-22-227591"	""	""	""
"ERR025605"	"ERR025605"	"ERR025605"	""	""	"ERR025605"	""	"10"	"illumina"	"_no_group_defined_"	"geo_loc_name_country"	"1"	"TRUE"	"optional"	"TRUE"	"SAMEA882131"	"Klebsiella pneumoniae"	"ILLUMINA"	"2011-03-18T00:00:00Z"	"SAMEA882131"	"ERP000165"	"QMP_M1_972-sc-2010-06-22-227719"	"QMP M1-972"	"USA"	"North America"	"USA"	"QMP M1-972"	"Homo sapiens"	"2007"	"diseased"	"intestinal biopsy"	"2011-02-14T17:17:45Z"	"2018-03-09T09:52:30Z"	"SAMEA882131"	"Klebsiella pneumoniae"	"QMP_M1_972-sc-2010-06-22-227719"	""	""	""
"ERR025128"	"ERR025128"	"ERR025128"	""	""	"ERR025128"	""	"10"	"illumina"	"_no_group_defined_"	"geo_loc_name_country"	"1"	"TRUE"	"optional"	"TRUE"	"SAMEA882189"	"Klebsiella pneumoniae"	"ILLUMINA"	"2011-03-18T00:00:00Z"	"SAMEA882189"	"ERP000165"	"ERS011927"	"QMP B2-563"	"USA"	"North America"	"USA"	"QMP B2-563"	"Bovine"	"2006"	"diseased"	"sterile"	""	""	""	""	""	"ERS011927"	"Klebsiella pneumoniae"	""
"ERR025104"	"ERR025104"	"ERR025104"	""	""	"ERR025104"	""	"10"	"illumina"	"_no_group_defined_"	"geo_loc_name_country"	"1"	"TRUE"	"optional"	"TRUE"	"SAMEA882171"	"Klebsiella pneumoniae"	"ILLUMINA"	"2011-03-18T00:00:00Z"	"SAMEA882171"	"ERP000165"	"ERS005780"	"AJ303"	"Australia"	"Oceania"	"Australia"	"AJ303"	"Homo sapiens"	"2002"	"diseased"	"urine"	""	""	""	""	""	"ERS005780"	"Klebsiella pneumoniae"	""
"ERR025590"	"ERR025590"	"ERR025590"	""	""	"ERR025590"	""	"10"	"illumina"	"_no_group_defined_"	"geo_loc_name_country"	"1"	"TRUE"	"optional"	"TRUE"	"SAMEA882231"	"Klebsiella pneumoniae"	"ILLUMINA"	"2011-03-18T00:00:00Z"	"SAMEA882231"	"ERP000165"	"UI_12780-sc-2010-06-22-227631"	"UI 12780"	"Laos"	"Asia"	"Laos"	"UI 12780"	"Homo sapiens"	"2008"	"diseased"	"sterile"	"2011-02-14T17:17:43Z"	"2018-03-09T09:52:29Z"	"SAMEA882231"	"Klebsiella pneumoniae"	"UI_12780-sc-2010-06-22-227631"	""	""	""
"ERR025629"	"ERR025629"	"ERR025629"	""	""	"ERR025629"	""	"10"	"illumina"	"_no_group_defined_"	"geo_loc_name_country"	"1"	"TRUE"	"optional"	"TRUE"	"SAMEA882031"	"Klebsiella pneumoniae"	"ILLUMINA"	"2011-03-18T00:00:00Z"	"SAMEA882031"	"ERP000165"	"QMP_M1_868-sc-2010-06-22-227739"	"QMP M1-868"	"USA"	"North America"	"USA"	"QMP M1-868"	"Homo sapiens"	"2006"	"diseased"	"sterile"	"2011-02-14T17:17:44Z"	"2018-03-09T09:52:29Z"	"SAMEA882031"	"Klebsiella pneumoniae"	"QMP_M1_868-sc-2010-06-22-227739"	""	""	""
"ERR025115"	"ERR025115"	"ERR025115"	""	""	"ERR025115"	""	"10"	"illumina"	"_no_group_defined_"	"geo_loc_name_country"	"1"	"TRUE"	"optional"	"TRUE"	"SAMEA882214"	"Klebsiella pneumoniae"	"ILLUMINA"	"2011-03-18T00:00:00Z"	"SAMEA882214"	"ERP000165"	"DM17138_03-sc-2010-06-22-227648"	"DM17138/03"	"Singapore"	"Asia"	"Singapore"	"DM17138/03"	"Homo sapiens"	"2003"	"diseased"	""	"2011-02-14T17:17:44Z"	"2018-03-09T09:52:29Z"	"SAMEA882214"	"Klebsiella pneumoniae"	"DM17138_03-sc-2010-06-22-227648"	""	""	""
"ERR025154"	"ERR025154"	"ERR025154"	""	""	"ERR025154"	""	"10"	"illumina"	"_no_group_defined_"	"geo_loc_name_country"	"1"	"TRUE"	"optional"	"TRUE"	"SAMEA882256"	"Klebsiella pneumoniae"	"ILLUMINA"	"2011-03-18T00:00:00Z"	"SAMEA882256"	"ERP000165"	"QMP_M1_559-sc-2010-06-22-227684"	"QMP M1-217"	"USA"	"North America"	"USA"	"QMP M1-217"	"Bovine"	"2005"	"diseased"	"sterile"	"2011-02-14T17:17:44Z"	"2018-03-09T09:52:29Z"	"SAMEA882256"	"Klebsiella pneumoniae"	"QMP_M1_559-sc-2010-06-22-227684"	""	""	""
"ERR025993"	"ERR025993"	"ERR025993"	""	""	"ERR025993"	""	"10"	"illumina"	"_no_group_defined_"	"geo_loc_name_country"	"1"	"TRUE"	"optional"	"TRUE"	"SAMEA882149"	"Klebsiella pneumoniae"	"ILLUMINA"	"2011-03-18T00:00:00Z"	"SAMEA882149"	"ERP000165"	"TL125-sc-2010-06-22-227788"	"TL125"	"United Kingdom"	"Europe"	"United Kingdom"	"TL125"	"Mouse"	"2009"	"healthy"	"intestinal"	"2011-02-14T17:17:45Z"	"2018-03-09T09:52:30Z"	"SAMEA882149"	"Klebsiella pneumoniae"	"TL125-sc-2010-06-22-227788"	""	""	""
"ERR025147"	"ERR025147"	"ERR025147"	""	""	"ERR025147"	""	"10"	"illumina"	"_no_group_defined_"	"geo_loc_name_country"	"1"	"TRUE"	"optional"	"TRUE"	"SAMEA882267"	"Klebsiella pneumoniae"	"ILLUMINA"	"2011-03-18T00:00:00Z"	"SAMEA882267"	"ERP000165"	"QMP_M1_378-sc-2010-06-22-227678"	"QMP M1-761"	"USA"	"North America"	"USA"	"QMP M1-761"	"Bovine"	"2006"	"diseased"	"sterile"	"2011-02-14T17:17:44Z"	"2018-03-09T09:52:29Z"	"SAMEA882267"	"Klebsiella pneumoniae"	"QMP_M1_378-sc-2010-06-22-227678"	""	""	""
"ERR025473"	"ERR025473"	"ERR025473"	""	""	"ERR025473"	""	"10"	"illumina"	"_no_group_defined_"	"geo_loc_name_country"	"1"	"TRUE"	"optional"	"TRUE"	"SAMEA882297"	"Klebsiella pneumoniae"	"ILLUMINA"	"2011-03-18T00:00:00Z"	"SAMEA882297"	"ERP000165"	"ERS011802"	"08-058D"	"Viet Nam"	"Asia"	"Viet Nam"	"08-058D"	"Homo sapiens"	"2008"	"diseased"	"respiratory"	""	""	""	""	""	"ERS011802"	"Klebsiella pneumoniae"	""
"ERR025662"	"ERR025662"	"ERR025662"	""	""	"ERR025662"	""	"10"	"illumina"	"_no_group_defined_"	"geo_loc_name_country"	"1"	"TRUE"	"optional"	"TRUE"	"SAMEA882067"	"Klebsiella pneumoniae"	"ILLUMINA"	"2011-03-18T00:00:00Z"	"SAMEA882067"	"ERP000165"	"ERS012036"	"1557"	"Indonesia"	"Asia"	"Indonesia"	"1557"	"Homo sapiens"	"2005"	"diseased"	"urine"	""	""	""	""	""	"ERS012036"	"Klebsiella pneumoniae"	""
"ERR025150"	"ERR025150"	"ERR025150"	""	""	"ERR025150"	""	"10"	"illumina"	"_no_group_defined_"	"geo_loc_name_country"	"1"	"TRUE"	"optional"	"TRUE"	"SAMEA881988"	"Klebsiella pneumoniae"	"ILLUMINA"	"2011-03-18T00:00:00Z"	"SAMEA881988"	"ERP000165"	"QMP_M1_557-sc-2010-06-22-227683"	"QMP M1-200"	"USA"	"North America"	"USA"	"QMP M1-200"	"Bovine"	"2005"	"diseased"	"sterile"	"2011-02-14T17:17:44Z"	"2018-03-09T09:52:30Z"	"SAMEA881988"	"Klebsiella pneumoniae"	"QMP_M1_557-sc-2010-06-22-227683"	""	""	""
"ERR025676"	"ERR025676"	"ERR025676"	""	""	"ERR025676"	""	"10"	"illumina"	"_no_group_defined_"	"geo_loc_name_country"	"1"	"TRUE"	"optional"	"TRUE"	"SAMEA882250"	"Klebsiella pneumoniae"	"ILLUMINA"	"2011-03-18T00:00:00Z"	"SAMEA882250"	"ERP000165"	"ERS011787"	"24m"	"Viet Nam"	"Asia"	"Viet Nam"	"24m"	"Homo sapiens"	"2008"	"diseased"	"liver"	""	""	""	""	""	"ERS011787"	"Klebsiella pneumoniae"	""
"ERR025475"	"ERR025475"	"ERR025475"	""	""	"ERR025475"	""	"10"	"illumina"	"_no_group_defined_"	"geo_loc_name_country"	"1"	"TRUE"	"optional"	"TRUE"	"SAMEA882198"	"Klebsiella pneumoniae"	"ILLUMINA"	"2011-03-18T00:00:00Z"	"SAMEA882198"	"ERP000165"	"UV1172-sc-2010-06-22-227539"	"UV1172"	"Viet Nam"	"Asia"	"Viet Nam"	"UV1172"	"Homo sapiens"	"2004"	"diseased"	"respiratory"	"2011-02-14T17:17:44Z"	"2018-03-09T09:52:29Z"	"SAMEA882198"	"Klebsiella pneumoniae"	"UV1172-sc-2010-06-22-227539"	""	""	""
"ERR025100"	"ERR025100"	"ERR025100"	""	""	"ERR025100"	""	"10"	"illumina"	"_no_group_defined_"	"geo_loc_name_country"	"1"	"TRUE"	"optional"	"TRUE"	"SAMEA882168"	"Klebsiella pneumoniae"	"ILLUMINA"	"2011-03-18T00:00:00Z"	"SAMEA882168"	"ERP000165"	"AJ289-sc-2010-05-07-30789"	"AJ289"	"Australia"	"Oceania"	"Australia"	"AJ289"	"Homo sapiens"	"2002"	"diseased"	"sterile"	"2010-03-08T08:58:31Z"	"2018-03-09T09:52:01Z"	"SAMEA882168"	"Klebsiella pneumoniae"	"AJ289-sc-2010-05-07-30789"	""	""	""
"ERR025624"	"ERR025624"	"ERR025624"	""	""	"ERR025624"	""	"10"	"illumina"	"_no_group_defined_"	"geo_loc_name_country"	"1"	"TRUE"	"optional"	"TRUE"	"SAMEA882080"	"Klebsiella pneumoniae"	"ILLUMINA"	"2011-03-18T00:00:00Z"	"SAMEA882080"	"ERP000165"	"QMP_M2_654-sc-2010-06-22-227734"	"QMP M2-654"	"USA"	"North America"	"USA"	"QMP M2-654"	"Bovine"	"2007"	"healthy"	"intestinal"	"2011-02-14T17:17:45Z"	"2018-03-09T09:52:30Z"	"SAMEA882080"	"Klebsiella pneumoniae"	"QMP_M2_654-sc-2010-06-22-227734"	""	""	""
"ERR025108"	"ERR025108"	"ERR025108"	""	""	"ERR025108"	""	"10"	"illumina"	"_no_group_defined_"	"geo_loc_name_country"	"1"	"TRUE"	"optional"	"TRUE"	"SAMEA882167"	"Klebsiella pneumoniae"	"ILLUMINA"	"2011-03-18T00:00:00Z"	"SAMEA882167"	"ERP000165"	"AJ256-sc-2010-05-07-30786"	"AJ256"	"Australia"	"Oceania"	"Australia"	"AJ256"	"Homo sapiens"	"2002"	"diseased"	"urine"	"2010-03-08T08:58:25Z"	"2018-03-09T09:52:02Z"	"SAMEA882167"	"Klebsiella pneumoniae"	"AJ256-sc-2010-05-07-30786"	""	""	""
"ERR025653"	"ERR025653"	"ERR025653"	""	""	"ERR025653"	""	"10"	"illumina"	"_no_group_defined_"	"geo_loc_name_country"	"1"	"TRUE"	"optional"	"TRUE"	"SAMEA882099"	"Klebsiella pneumoniae"	"ILLUMINA"	"2011-03-18T00:00:00Z"	"SAMEA882099"	"ERP000165"	"QMP_Z4_709-sc-2010-06-22-227761"	"QMP Z4-709"	"USA"	"North America"	"USA"	"QMP Z4-709"	"Bovine"	"2006"	"diseased"	"sterile"	"2011-02-14T17:17:45Z"	"2018-03-09T09:52:30Z"	"SAMEA882099"	"Klebsiella pneumoniae"	"QMP_Z4_709-sc-2010-06-22-227761"	""	""	""
"ERR024821"	"ERR024821"	"ERR024821"	""	""	"ERR024821"	""	"10"	"illumina"	"_no_group_defined_"	"geo_loc_name_country"	"1"	"TRUE"	"optional"	"TRUE"	"SAMEA882277"	"Klebsiella pneumoniae"	"ILLUMINA"	"2011-03-18T00:00:00Z"	"SAMEA882277"	"ERP000165"	"AJ048-sc-2010-05-07-30744"	"AJ048"	"Australia"	"Oceania"	"Australia"	"AJ048"	"Homo sapiens"	"2001"	"diseased"	"urine"	"2010-03-08T08:57:07Z"	"2018-03-09T09:52:01Z"	"SAMEA882277"	"Klebsiella pneumoniae"	"AJ048-sc-2010-05-07-30744"	""	""	""
"ERR025142"	"ERR025142"	"ERR025142"	""	""	"ERR025142"	""	"10"	"illumina"	"_no_group_defined_"	"geo_loc_name_country"	"1"	"TRUE"	"optional"	"TRUE"	"SAMEA882270"	"Klebsiella pneumoniae"	"ILLUMINA"	"2011-03-18T00:00:00Z"	"SAMEA882270"	"ERP000165"	"ERS011940"	"QMP M1-560"	"USA"	"North America"	"USA"	"QMP M1-560"	"Bovine"	"2005"	"diseased"	"sterile"	""	""	""	""	""	"ERS011940"	"Klebsiella pneumoniae"	""
"ERR025995"	"ERR025995"	"ERR025995"	""	""	"ERR025995"	""	"10"	"illumina"	"_no_group_defined_"	"geo_loc_name_country"	"1"	"TRUE"	"optional"	"TRUE"	"SAMEA882190"	"Klebsiella pneumoniae"	"ILLUMINA"	"2011-03-18T00:00:00Z"	"SAMEA882190"	"ERP000165"	"1896_0-sc-2010-06-22-227781"	"1896"	"Indonesia"	"Asia"	"Indonesia"	"1896"	"Homo sapiens"	"2005"	"diseased"	"sterile"	"2011-02-14T17:17:45Z"	"2018-03-09T09:52:30Z"	"SAMEA882190"	"Klebsiella pneumoniae"	"1896_0-sc-2010-06-22-227781"	""	""	""
"ERR025625"	"ERR025625"	"ERR025625"	""	""	"ERR025625"	""	"10"	"illumina"	"_no_group_defined_"	"geo_loc_name_country"	"1"	"TRUE"	"optional"	"TRUE"	"SAMEA882035"	"Klebsiella pneumoniae"	"ILLUMINA"	"2011-03-18T00:00:00Z"	"SAMEA882035"	"ERP000165"	"ERS012002"	"QMP M1-776"	"USA"	"North America"	"USA"	"QMP M1-776"	"Homo sapiens"	"2006"	"diseased"	"sterile"	""	""	""	""	""	"ERS012002"	"Klebsiella pneumoniae"	""
"ERR025505"	"ERR025505"	"ERR025505"	""	""	"ERR025505"	""	"10"	"illumina"	"_no_group_defined_"	"geo_loc_name_country"	"1"	"TRUE"	"optional"	"TRUE"	"SAMEA882053"	"Klebsiella pneumoniae"	"ILLUMINA"	"2011-03-18T00:00:00Z"	"SAMEA882053"	"ERP000165"	"015_CN_2-sc-2010-06-22-227576"	"015-CN-2"	"Viet Nam"	"Asia"	"Viet Nam"	"015-CN-2"	"Homo sapiens"	"2007"	"healthy"	"intestinal"	"2011-02-14T17:17:43Z"	"2018-03-09T09:52:29Z"	"SAMEA882053"	"Klebsiella pneumoniae"	"015_CN_2-sc-2010-06-22-227576"	""	""	""
"ERR025574"	"ERR025574"	"ERR025574"	""	""	"ERR025574"	""	"10"	"illumina"	"_no_group_defined_"	"geo_loc_name_country"	"1"	"TRUE"	"optional"	"TRUE"	"SAMEA882012"	"Klebsiella pneumoniae"	"ILLUMINA"	"2011-03-18T00:00:00Z"	"SAMEA882012"	"ERP000165"	"Pus_15007-sc-2010-06-22-227604"	"Pus 15007"	"Laos"	"Asia"	"Laos"	"Pus 15007"	"Homo sapiens"	"2009"	"diseased"	"respiratory"	"2011-02-14T17:17:43Z"	"2018-03-09T09:52:28Z"	"SAMEA882012"	"Klebsiella pneumoniae"	"Pus_15007-sc-2010-06-22-227604"	""	""	""
"ERR025659"	"ERR025659"	"ERR025659"	""	""	"ERR025659"	""	"10"	"illumina"	"_no_group_defined_"	"geo_loc_name_country"	"1"	"TRUE"	"optional"	"TRUE"	"SAMEA882274"	"Klebsiella pneumoniae"	"ILLUMINA"	"2011-03-18T00:00:00Z"	"SAMEA882274"	"ERP000165"	"ERS012044"	"1765"	"Indonesia"	"Asia"	"Indonesia"	"1765"	"Homo sapiens"	"2005"	"diseased"	"sterile"	""	""	""	""	""	"ERS012044"	"Klebsiella pneumoniae"	""
"ERR024854"	"ERR024854"	"ERR024854"	""	""	"ERR024854"	""	"10"	"illumina"	"_no_group_defined_"	"geo_loc_name_country"	"1"	"TRUE"	"optional"	"TRUE"	"SAMEA882073"	"Klebsiella pneumoniae"	"ILLUMINA"	"2011-03-18T00:00:00Z"	"SAMEA882073"	"ERP000165"	"ERS005773"	"AJ188"	"Australia"	"Oceania"	"Australia"	"AJ188"	"Homo sapiens"	"2002"	"diseased"	"urine"	""	""	""	""	""	"ERS005773"	"Klebsiella pneumoniae"	""
"ERR025610"	"ERR025610"	"ERR025610"	""	""	"ERR025610"	""	"10"	"illumina"	"_no_group_defined_"	"geo_loc_name_country"	"1"	"TRUE"	"optional"	"TRUE"	"SAMEA882255"	"Klebsiella pneumoniae"	"ILLUMINA"	"2011-03-18T00:00:00Z"	"SAMEA882255"	"ERP000165"	"ERS011988"	"QMP M1-975"	"USA"	"North America"	"USA"	"QMP M1-975"	"Homo sapiens"	"2007"	"healthy"	"intestinal biopsy"	""	""	""	""	""	"ERS011988"	"Klebsiella pneumoniae"	""
"ERR025113"	"ERR025113"	"ERR025113"	""	""	"ERR025113"	""	"10"	"illumina"	"_no_group_defined_"	"geo_loc_name_country"	"1"	"TRUE"	"optional"	"TRUE"	"SAMEA882186"	"Klebsiella pneumoniae"	"ILLUMINA"	"2011-03-18T00:00:00Z"	"SAMEA882186"	"ERP000165"	"QMP_B2_344-sc-2010-06-22-227657"	"QMP B2-344"	"USA"	"North America"	"USA"	"QMP B2-344"	"Bovine"	"2006"	"healthy"	"intestinal"	"2011-02-14T17:17:44Z"	"2018-03-09T09:52:29Z"	"SAMEA882186"	"Klebsiella pneumoniae"	"QMP_B2_344-sc-2010-06-22-227657"	""	""	""
"ERR025146"	"ERR025146"	"ERR025146"	""	""	"ERR025146"	""	"10"	"illumina"	"_no_group_defined_"	"geo_loc_name_country"	"1"	"TRUE"	"optional"	"TRUE"	"SAMEA882266"	"Klebsiella pneumoniae"	"ILLUMINA"	"2011-03-18T00:00:00Z"	"SAMEA882266"	"ERP000165"	"ERS011944"	"QMP M1-728"	"USA"	"North America"	"USA"	"QMP M1-728"	"Bovine"	"2006"	"diseased"	"sterile"	""	""	""	""	""	"ERS011944"	"Klebsiella pneumoniae"	""
"ERR025546"	"ERR025546"	"ERR025546"	""	""	"ERR025546"	""	"10"	"illumina"	"_no_group_defined_"	"geo_loc_name_country"	"1"	"TRUE"	"optional"	"TRUE"	"SAMEA882116"	"Klebsiella pneumoniae"	"ILLUMINA"	"2011-03-18T00:00:00Z"	"SAMEA882116"	"ERP000165"	"ERS011905"	"DB11802/05"	"Singapore"	"Asia"	"Singapore"	"DB11802/05"	"Homo sapiens"	"2005"	"diseased"	"sterile"	""	""	""	""	""	"ERS011905"	"Klebsiella pneumoniae"	""
"ERR025125"	"ERR025125"	"ERR025125"	""	""	"ERR025125"	""	"10"	"illumina"	"_no_group_defined_"	"geo_loc_name_country"	"1"	"TRUE"	"optional"	"TRUE"	"SAMEA882139"	"Klebsiella pneumoniae"	"ILLUMINA"	"2011-03-18T00:00:00Z"	"SAMEA882139"	"ERP000165"	"QMP_M1_051-sc-2010-06-22-227668"	"QMP M1-051"	"USA"	"North America"	"USA"	"QMP M1-051"	"Bovine"	"2005"	"healthy"	"intestinal"	"2011-02-14T17:17:44Z"	"2018-03-09T09:52:30Z"	"SAMEA882139"	"Klebsiella pneumoniae"	"QMP_M1_051-sc-2010-06-22-227668"	""	""	""
"ERR025600"	"ERR025600"	"ERR025600"	""	""	"ERR025600"	""	"10"	"illumina"	"_no_group_defined_"	"geo_loc_name_country"	"1"	"TRUE"	"optional"	"TRUE"	"SAMEA881989"	"Klebsiella pneumoniae"	"ILLUMINA"	"2011-03-18T00:00:00Z"	"SAMEA881989"	"ERP000165"	"ERS011979"	"QMP M1-896"	"USA"	"North America"	"USA"	"QMP M1-896"	"Homo sapiens"	"2007"	"diseased"	"urine"	""	""	""	""	""	"ERS011979"	"Klebsiella pneumoniae"	""
"ERR025649"	"ERR025649"	"ERR025649"	""	""	"ERR025649"	""	"10"	"illumina"	"_no_group_defined_"	"geo_loc_name_country"	"1"	"TRUE"	"optional"	"TRUE"	"SAMEA882101"	"Klebsiella pneumoniae"	"ILLUMINA"	"2011-03-18T00:00:00Z"	"SAMEA882101"	"ERP000165"	"09_2985m-sc-2010-06-22-227757"	"09-2985m"	"Viet Nam"	"Asia"	"Viet Nam"	"09-2985m"	"Homo sapiens"	"2009"	"diseased"	"sterile"	"2011-02-14T17:17:44Z"	"2018-03-09T09:52:29Z"	"SAMEA882101"	"Klebsiella pneumoniae"	"09_2985m-sc-2010-06-22-227757"	""	""	""
"ERR025994"	"ERR025994"	"ERR025994"	""	""	"ERR025994"	""	"10"	"illumina"	"_no_group_defined_"	"geo_loc_name_country"	"1"	"TRUE"	"optional"	"TRUE"	"SAMEA882258"	"Klebsiella pneumoniae"	"ILLUMINA"	"2011-03-18T00:00:00Z"	"SAMEA882258"	"ERP000165"	"1884_0-sc-2010-06-22-227780"	"1884"	"Indonesia"	"Asia"	"Indonesia"	"1884"	"Homo sapiens"	"2005"	"diseased"	"sterile"	"2011-02-14T17:17:45Z"	"2018-03-09T09:52:30Z"	"SAMEA882258"	"Klebsiella pneumoniae"	"1884_0-sc-2010-06-22-227780"	""	""	""
"ERR025555"	"ERR025555"	"ERR025555"	""	""	"ERR025555"	""	"10"	"illumina"	"_no_group_defined_"	"geo_loc_name_country"	"1"	"TRUE"	"optional"	"TRUE"	"SAMEA882136"	"Klebsiella pneumoniae"	"ILLUMINA"	"2011-03-18T00:00:00Z"	"SAMEA882136"	"ERP000165"	"ERS011828"	"K262N"	"Viet Nam"	"Asia"	"Viet Nam"	"K262N"	"Homo sapiens"	"2005"	"healthy"	"respiratory"	""	""	""	""	""	"ERS011828"	"Klebsiella pneumoniae"	""
"ERR025139"	"ERR025139"	"ERR025139"	""	""	"ERR025139"	""	"10"	"illumina"	"_no_group_defined_"	"geo_loc_name_country"	"1"	"TRUE"	"optional"	"TRUE"	"SAMEA882262"	"Klebsiella pneumoniae"	"ILLUMINA"	"2011-03-18T00:00:00Z"	"SAMEA882262"	"ERP000165"	"QMP_M1_415-sc-2010-06-22-227681"	"QMP M1-766"	"USA"	"North America"	"USA"	"QMP M1-766"	"Bovine"	"2006"	"healthy"	"intestinal"	"2011-02-14T17:17:44Z"	"2018-03-09T09:52:29Z"	"SAMEA882262"	"Klebsiella pneumoniae"	"QMP_M1_415-sc-2010-06-22-227681"	""	""	""
"ERR025583"	"ERR025583"	"ERR025583"	""	""	"ERR025583"	""	"10"	"illumina"	"_no_group_defined_"	"geo_loc_name_country"	"1"	"TRUE"	"optional"	"TRUE"	"SAMEA882213"	"Klebsiella pneumoniae"	"ILLUMINA"	"2011-03-18T00:00:00Z"	"SAMEA882213"	"ERP000165"	"UI_6717-sc-2010-06-22-227624"	"UI 6717"	"Laos"	"Asia"	"Laos"	"UI 6717"	"Homo sapiens"	"2005"	"diseased"	"sterile"	"2011-02-14T17:17:44Z"	"2018-03-09T09:52:29Z"	"SAMEA882213"	"Klebsiella pneumoniae"	"UI_6717-sc-2010-06-22-227624"	""	""	""
"ERR025593"	"ERR025593"	"ERR025593"	""	""	"ERR025593"	""	"10"	"illumina"	"_no_group_defined_"	"geo_loc_name_country"	"1"	"TRUE"	"optional"	"TRUE"	"SAMEA882128"	"Klebsiella pneumoniae"	"ILLUMINA"	"2011-03-18T00:00:00Z"	"SAMEA882128"	"ERP000165"	"QMP_M1_967-sc-2010-06-22-227716"	"QMP M1-967"	"USA"	"North America"	"USA"	"QMP M1-967"	"Homo sapiens"	"2007"	"diseased"	"intestinal biopsy"	"2011-02-14T17:17:45Z"	"2018-03-09T09:52:30Z"	"SAMEA882128"	"Klebsiella pneumoniae"	"QMP_M1_967-sc-2010-06-22-227716"	""	""	""
"ERR025541"	"ERR025541"	"ERR025541"	""	""	"ERR025541"	""	"10"	"illumina"	"_no_group_defined_"	"geo_loc_name_country"	"1"	"TRUE"	"optional"	"TRUE"	"SAMEA882070"	"Klebsiella pneumoniae"	"ILLUMINA"	"2011-03-18T00:00:00Z"	"SAMEA882070"	"ERP000165"	"ERS011911"	"DU38032/05"	"Singapore"	"Asia"	"Singapore"	"DU38032/05"	"Homo sapiens"	"2005"	"diseased"	"urine"	""	""	""	""	""	"ERS011911"	"Klebsiella pneumoniae"	""
"ERR025576"	"ERR025576"	"ERR025576"	""	""	"ERR025576"	""	"10"	"illumina"	"_no_group_defined_"	"geo_loc_name_country"	"1"	"TRUE"	"optional"	"TRUE"	"SAMEA882010"	"Klebsiella pneumoniae"	"ILLUMINA"	"2011-03-18T00:00:00Z"	"SAMEA882010"	"ERP000165"	"Pus_15987-sc-2010-06-22-227606"	"Pus 15987"	"Laos"	"Asia"	"Laos"	"Pus 15987"	"Homo sapiens"	"2009"	"diseased"	"sterile"	"2011-02-14T17:17:43Z"	"2018-03-09T09:52:29Z"	"SAMEA882010"	"Klebsiella pneumoniae"	"Pus_15987-sc-2010-06-22-227606"	""	""	""
"ERR025639"	"ERR025639"	"ERR025639"	""	""	"ERR025639"	""	"10"	"illumina"	"_no_group_defined_"	"geo_loc_name_country"	"1"	"TRUE"	"optional"	"TRUE"	"SAMEA881991"	"Klebsiella pneumoniae"	"ILLUMINA"	"2011-03-18T00:00:00Z"	"SAMEA881991"	"ERP000165"	"09_309B-sc-2010-06-22-227748"	"09-309B"	"Viet Nam"	"Asia"	"Viet Nam"	"09-309B"	"Homo sapiens"	"2009"	"diseased"	"respiratory"	"2011-02-14T17:17:44Z"	"2018-03-09T09:52:29Z"	"SAMEA881991"	"Klebsiella pneumoniae"	"09_309B-sc-2010-06-22-227748"	""	""	""
"ERR025571"	"ERR025571"	"ERR025571"	""	""	"ERR025571"	""	"10"	"illumina"	"_no_group_defined_"	"geo_loc_name_country"	"1"	"TRUE"	"optional"	"TRUE"	"SAMEA882283"	"Klebsiella pneumoniae"	"ILLUMINA"	"2011-03-18T00:00:00Z"	"SAMEA882283"	"ERP000165"	"ERS011868"	"Pus 9314/2"	"Laos"	"Asia"	"Laos"	"Pus 9314/2"	"Homo sapiens"	"2008"	"diseased"	""	""	""	""	""	""	"ERS011868"	"Klebsiella pneumoniae"	""
"ERR025585"	"ERR025585"	"ERR025585"	""	""	"ERR025585"	""	"10"	"illumina"	"_no_group_defined_"	"geo_loc_name_country"	"1"	"TRUE"	"optional"	"TRUE"	"SAMEA882226"	"Klebsiella pneumoniae"	"ILLUMINA"	"2011-03-18T00:00:00Z"	"SAMEA882226"	"ERP000165"	"UI_8601-sc-2010-06-22-227626"	"UI 8601"	"Laos"	"Asia"	"Laos"	"UI 8601"	"Homo sapiens"	"2006"	"diseased"	"sterile"	"2011-02-14T17:17:44Z"	"2018-03-09T09:52:29Z"	"SAMEA882226"	"Klebsiella pneumoniae"	"UI_8601-sc-2010-06-22-227626"	""	""	""
"ERR025498"	"ERR025498"	"ERR025498"	""	""	"ERR025498"	""	"10"	"illumina"	"_no_group_defined_"	"geo_loc_name_country"	"1"	"TRUE"	"optional"	"TRUE"	"SAMEA882154"	"Klebsiella pneumoniae"	"ILLUMINA"	"2011-03-18T00:00:00Z"	"SAMEA882154"	"ERP000165"	"ERS011837"	"K307An"	"Viet Nam"	"Asia"	"Viet Nam"	"K307An"	"Homo sapiens"	"2005"	"healthy"	"intestinal"	""	""	""	""	""	"ERS011837"	"Klebsiella pneumoniae"	""
"ERR025984"	"ERR025984"	"ERR025984"	""	""	"ERR025984"	""	"10"	"illumina"	"_no_group_defined_"	"geo_loc_name_country"	"1"	"TRUE"	"optional"	"TRUE"	"SAMEA882019"	"Klebsiella pneumoniae"	"ILLUMINA"	"2011-03-18T00:00:00Z"	"SAMEA882019"	"ERP000165"	"QMP_M1_822-sc-2010-06-22-227697"	"QMP M1-822"	"USA"	"North America"	"USA"	"QMP M1-822"	"Bovine"	"2006"	"diseased"	"sterile"	"2011-02-14T17:17:44Z"	"2018-03-09T09:52:29Z"	"SAMEA882019"	"Klebsiella pneumoniae"	"QMP_M1_822-sc-2010-06-22-227697"	""	""	""
"ERR025156"	"ERR025156"	"ERR025156"	""	""	"ERR025156"	""	"10"	"illumina"	"_no_group_defined_"	"geo_loc_name_country"	"1"	"TRUE"	"optional"	"TRUE"	"SAMEA882233"	"Klebsiella pneumoniae"	"ILLUMINA"	"2011-03-18T00:00:00Z"	"SAMEA882233"	"ERP000165"	"QMP_M1_561-sc-2010-06-22-227686"	"QMP M1-220"	"USA"	"North America"	"USA"	"QMP M1-220"	"Bovine"	"2005"	"diseased"	"sterile"	"2011-02-14T17:17:44Z"	"2018-03-09T09:52:30Z"	"SAMEA882233"	"Klebsiella pneumoniae"	"QMP_M1_561-sc-2010-06-22-227686"	""	""	""
"ERR025663"	"ERR025663"	"ERR025663"	""	""	"ERR025663"	""	"10"	"illumina"	"_no_group_defined_"	"geo_loc_name_country"	"1"	"TRUE"	"optional"	"TRUE"	"SAMEA882066"	"Klebsiella pneumoniae"	"ILLUMINA"	"2011-03-18T00:00:00Z"	"SAMEA882066"	"ERP000165"	"1576_0-sc-2010-06-22-227770"	"1576"	"Indonesia"	"Asia"	"Indonesia"	"1576"	"Homo sapiens"	"2005"	"diseased"	"sterile"	"2011-02-14T17:17:45Z"	"2018-03-09T09:52:30Z"	"SAMEA882066"	"Klebsiella pneumoniae"	"1576_0-sc-2010-06-22-227770"	""	""	""
"ERR024836"	"ERR024836"	"ERR024836"	""	""	"ERR024836"	""	"10"	"illumina"	"_no_group_defined_"	"geo_loc_name_country"	"1"	"TRUE"	"optional"	"TRUE"	"SAMEA882006"	"Klebsiella pneumoniae"	"ILLUMINA"	"2011-03-18T00:00:00Z"	"SAMEA882006"	"ERP000165"	"ERS005755"	"AJ148"	"Australia"	"Oceania"	"Australia"	"AJ148"	"Homo sapiens"	"2002"	"diseased"	"urine"	""	""	""	""	""	"ERS005755"	"Klebsiella pneumoniae"	""
"ERR025464"	"ERR025464"	"ERR025464"	""	""	"ERR025464"	""	"10"	"illumina"	"_no_group_defined_"	"geo_loc_name_country"	"1"	"TRUE"	"optional"	"TRUE"	"SAMEA882200"	"Klebsiella pneumoniae"	"ILLUMINA"	"2011-03-18T00:00:00Z"	"SAMEA882200"	"ERP000165"	"ERS011804"	"08-1177m"	"Viet Nam"	"Asia"	"Viet Nam"	"08-1177m"	"Homo sapiens"	"2008"	"diseased"	"sterile"	""	""	""	""	""	"ERS011804"	"Klebsiella pneumoniae"	""
"ERR024833"	"ERR024833"	"ERR024833"	""	""	"ERR024833"	""	"10"	"illumina"	"_no_group_defined_"	"geo_loc_name_country"	"1"	"TRUE"	"optional"	"TRUE"	"SAMEA882042"	"Klebsiella pneumoniae"	"ILLUMINA"	"2011-03-18T00:00:00Z"	"SAMEA882042"	"ERP000165"	"ERS005764"	"AJ099"	"Australia"	"Oceania"	"Australia"	"AJ099"	"Homo sapiens"	"2002"	"diseased"	""	""	""	""	""	""	"ERS005764"	"Klebsiella pneumoniae"	""
"ERR025510"	"ERR025510"	"ERR025510"	""	""	"ERR025510"	""	"10"	"illumina"	"_no_group_defined_"	"geo_loc_name_country"	"1"	"TRUE"	"optional"	"TRUE"	"SAMEA882048"	"Klebsiella pneumoniae"	"ILLUMINA"	"2011-03-18T00:00:00Z"	"SAMEA882048"	"ERP000165"	"QMP_B2_223-sc-2010-06-22-227581"	"QMP B2-223"	"USA"	"North America"	"USA"	"QMP B2-223"	"Bovine"	"2006"	"diseased"	"sterile"	"2011-02-14T17:17:44Z"	"2018-03-09T09:52:29Z"	"SAMEA882048"	"Klebsiella pneumoniae"	"QMP_B2_223-sc-2010-06-22-227581"	""	""	""
"ERR025152"	"ERR025152"	"ERR025152"	""	""	"ERR025152"	""	"10"	"illumina"	"_no_group_defined_"	"geo_loc_name_country"	"1"	"TRUE"	"optional"	"TRUE"	"SAMEA882023"	"Klebsiella pneumoniae"	"ILLUMINA"	"2011-03-18T00:00:00Z"	"SAMEA882023"	"ERP000165"	"ERS011960"	"QMP M1-415"	"USA"	"North America"	"USA"	"QMP M1-415"	"Environmental"	"2005"	""	"environment"	""	""	""	""	""	"ERS011960"	"Klebsiella pneumoniae"	""
"ERR025111"	"ERR025111"	"ERR025111"	""	""	"ERR025111"	""	"10"	"illumina"	"_no_group_defined_"	"geo_loc_name_country"	"1"	"TRUE"	"optional"	"TRUE"	"SAMEA882218"	"Klebsiella pneumoniae"	"ILLUMINA"	"2011-03-18T00:00:00Z"	"SAMEA882218"	"ERP000165"	"DM16912_02-sc-2010-06-22-227647"	"DM16912/02"	"Singapore"	"Asia"	"Singapore"	"DM16912/02"	"Homo sapiens"	"2002"	"diseased"	"liver"	"2011-02-14T17:17:44Z"	"2018-03-09T09:52:29Z"	"SAMEA882218"	"Klebsiella pneumoniae"	"DM16912_02-sc-2010-06-22-227647"	""	""	""
"ERR024843"	"ERR024843"	"ERR024843"	""	""	"ERR024843"	""	"10"	"illumina"	"_no_group_defined_"	"geo_loc_name_country"	"1"	"TRUE"	"optional"	"TRUE"	"SAMEA882041"	"Klebsiella pneumoniae"	"ILLUMINA"	"2011-03-18T00:00:00Z"	"SAMEA882041"	"ERP000165"	"ERS005765"	"AJ155"	"Australia"	"Oceania"	"Australia"	"AJ155"	"Homo sapiens"	"2002"	"diseased"	""	""	""	""	""	""	"ERS005765"	"Klebsiella pneumoniae"	""
"ERR025582"	"ERR025582"	"ERR025582"	""	""	"ERR025582"	""	"10"	"illumina"	"_no_group_defined_"	"geo_loc_name_country"	"1"	"TRUE"	"optional"	"TRUE"	"SAMEA882112"	"Klebsiella pneumoniae"	"ILLUMINA"	"2011-03-18T00:00:00Z"	"SAMEA882112"	"ERP000165"	"UI_15398-sc-2010-06-22-227634"	"UI 15398"	"Laos"	"Asia"	"Laos"	"UI 15398"	"Homo sapiens"	"2009"	"diseased"	"sterile"	"2011-02-14T17:17:43Z"	"2018-03-09T09:52:29Z"	"SAMEA882112"	"Klebsiella pneumoniae"	"UI_15398-sc-2010-06-22-227634"	""	""	""
"ERR024852"	"ERR024852"	"ERR024852"	""	""	"ERR024852"	""	"10"	"illumina"	"_no_group_defined_"	"geo_loc_name_country"	"1"	"TRUE"	"optional"	"TRUE"	"SAMEA882072"	"Klebsiella pneumoniae"	"ILLUMINA"	"2011-03-18T00:00:00Z"	"SAMEA882072"	"ERP000165"	"ERS005772"	"AJ170"	"Australia"	"Oceania"	"Australia"	"AJ170"	"Homo sapiens"	"2002"	"diseased"	"sterile"	""	""	""	""	""	"ERS005772"	"Klebsiella pneumoniae"	""
"ERR024845"	"ERR024845"	"ERR024845"	""	""	"ERR024845"	""	"10"	"illumina"	"_no_group_defined_"	"geo_loc_name_country"	"1"	"TRUE"	"optional"	"TRUE"	"SAMEA882075"	"Klebsiella pneumoniae"	"ILLUMINA"	"2011-03-18T00:00:00Z"	"SAMEA882075"	"ERP000165"	"ERS005775"	"AJ205"	"Australia"	"Oceania"	"Australia"	"AJ205"	"Homo sapiens"	"2002"	"diseased"	""	""	""	""	""	""	"ERS005775"	"Klebsiella pneumoniae"	""
"ERR024822"	"ERR024822"	"ERR024822"	""	""	"ERR024822"	""	"10"	"illumina"	"_no_group_defined_"	"geo_loc_name_country"	"1"	"TRUE"	"optional"	"TRUE"	"SAMEA882276"	"Klebsiella pneumoniae"	"ILLUMINA"	"2011-03-18T00:00:00Z"	"SAMEA882276"	"ERP000165"	"ERS005743"	"AJ049"	"Australia"	"Oceania"	"Australia"	"AJ049"	"Homo sapiens"	"2001"	"diseased"	""	""	""	""	""	""	"ERS005743"	"Klebsiella pneumoniae"	""
"ERR024828"	"ERR024828"	"ERR024828"	""	""	"ERR024828"	""	"10"	"illumina"	"_no_group_defined_"	"geo_loc_name_country"	"1"	"TRUE"	"optional"	"TRUE"	"SAMEA882272"	"Klebsiella pneumoniae"	"ILLUMINA"	"2011-03-18T00:00:00Z"	"SAMEA882272"	"ERP000165"	"AJ031-sc-2010-05-07-30751"	"AJ031"	"Australia"	"Oceania"	"Australia"	"AJ031"	"Homo sapiens"	"2001"	"diseased"	"urine"	"2010-03-08T08:57:21Z"	"2018-03-09T09:52:18Z"	"SAMEA882272"	"Klebsiella pneumoniae"	"AJ031-sc-2010-05-07-30751"	""	""	""
"ERR025485"	"ERR025485"	"ERR025485"	""	""	"ERR025485"	""	"10"	"illumina"	"_no_group_defined_"	"geo_loc_name_country"	"1"	"TRUE"	"optional"	"TRUE"	"SAMEA882246"	"Klebsiella pneumoniae"	"ILLUMINA"	"2011-03-18T00:00:00Z"	"SAMEA882246"	"ERP000165"	"K21Sp-sc-2010-06-22-227546"	"K21Sp"	"Viet Nam"	"Asia"	"Viet Nam"	"K21Sp"	"Homo sapiens"	"2004"	"healthy"	"respiratory"	"2011-02-14T17:17:43Z"	"2018-03-09T09:52:29Z"	"SAMEA882246"	"Klebsiella pneumoniae"	"K21Sp-sc-2010-06-22-227546"	""	""	""
"ERR024850"	"ERR024850"	"ERR024850"	""	""	"ERR024850"	""	"10"	"illumina"	"_no_group_defined_"	"geo_loc_name_country"	"1"	"TRUE"	"optional"	"TRUE"	"SAMEA882038"	"Klebsiella pneumoniae"	"ILLUMINA"	"2011-03-18T00:00:00Z"	"SAMEA882038"	"ERP000165"	"AJ156-sc-2010-05-07-30771"	"AJ156"	"Australia"	"Oceania"	"Australia"	"AJ156"	"Homo sapiens"	"2002"	"diseased"	"respiratory"	"2010-03-08T08:57:57Z"	"2018-03-09T09:52:01Z"	"SAMEA882038"	"Klebsiella pneumoniae"	"AJ156-sc-2010-05-07-30771"	""	""	""
"ERR025484"	"ERR025484"	"ERR025484"	""	""	"ERR025484"	""	"10"	"illumina"	"_no_group_defined_"	"geo_loc_name_country"	"1"	"TRUE"	"optional"	"TRUE"	"SAMEA882245"	"Klebsiella pneumoniae"	"ILLUMINA"	"2011-03-18T00:00:00Z"	"SAMEA882245"	"ERP000165"	"QMP_B2_176-sc-2010-06-22-227545"	"QMP B2-176"	"USA"	"North America"	"USA"	"QMP B2-176"	"Bovine"	"2006"	"diseased"	"sterile"	"2011-02-14T17:17:44Z"	"2018-03-09T09:52:29Z"	"SAMEA882245"	"Klebsiella pneumoniae"	"QMP_B2_176-sc-2010-06-22-227545"	""	""	""
"ERR025137"	"ERR025137"	"ERR025137"	""	""	"ERR025137"	""	"10"	"illumina"	"_no_group_defined_"	"geo_loc_name_country"	"1"	"TRUE"	"optional"	"TRUE"	"SAMEA882152"	"Klebsiella pneumoniae"	"ILLUMINA"	"2011-03-18T00:00:00Z"	"SAMEA882152"	"ERP000165"	"ERS011938"	"QMP M1-557"	"USA"	"North America"	"USA"	"QMP M1-557"	"Bovine"	"2005"	"diseased"	"sterile"	""	""	""	""	""	"ERS011938"	"Klebsiella pneumoniae"	""
